topic_id,nearest_topic_id,nearest_beta_cosine,nearest_top20_word_overlap,mean_theta_usage,top1_spectrum_count,optimized,nearest_topic_optimized,in_largest_beta_component_ge_0_999
0,951,0.07802768051624298,0.0,0.001988723989410585,6,True,True,False
1,322,0.07370158284902573,0.15,0.0028331112576386267,11,True,True,False
2,48,1.0,1.0,7.228305713967481e-05,0,True,True,True
3,452,0.04359905794262886,0.0,0.0021869772443425593,3,True,True,False
4,543,0.049119237810373306,0.05,0.002803306357431082,7,True,True,False
5,204,1.0,1.0,7.227597057186513e-05,0,True,True,True
6,913,1.0,1.0,7.23670502458949e-05,0,True,True,True
7,556,0.9999908208847046,1.0,7.235165136345311e-05,0,True,True,True
8,951,0.11621113121509552,0.0,0.0018766457098247991,3,True,True,False
9,993,0.1624569296836853,0.0,0.002163017200909746,2,True,True,False
10,960,0.08444830030202866,0.15,0.001333746359270785,3,True,True,False
11,951,0.04727708920836449,0.0,0.0018619299222853688,3,True,True,False
12,618,0.9999991655349731,1.0,7.228827171895865e-05,0,True,True,True
13,753,0.9999975562095642,1.0,7.227610281652047e-05,0,True,True,True
14,401,0.9999996423721313,1.0,7.229590821233199e-05,0,True,True,True
15,476,0.9999996423721313,1.0,7.228191207914296e-05,0,True,True,True
16,48,1.0,1.0,7.228580655974174e-05,0,True,True,True
17,262,0.9999998807907104,1.0,7.23764859483187e-05,0,True,True,True
18,135,0.9999999403953552,1.0,7.22901182800612e-05,0,True,True,True
19,67,0.9999998807907104,1.0,7.228778865930016e-05,0,True,True,True
20,613,0.9999998807907104,1.0,7.22905567511164e-05,0,True,True,True
21,498,0.9855389595031738,0.65,0.00440780538461221,17,True,True,False
22,67,0.9999996423721313,1.0,7.227338211732041e-05,0,True,True,True
23,31,1.0,1.0,7.228265677974898e-05,0,True,True,True
24,654,1.0,1.0,7.22750425546584e-05,0,True,True,True
25,454,0.12163590639829636,0.25,0.0015958093763618695,2,True,True,False
26,131,0.1387459933757782,0.3,0.002495518470515696,9,True,True,False
27,67,1.0,1.0,7.228147964517812e-05,0,True,True,True
28,34,1.0,1.0,7.228159986522586e-05,0,True,True,True
29,96,0.9999999403953552,1.0,7.234006235507178e-05,0,True,True,True
30,197,0.03500921279191971,0.0,0.0026174217360856416,15,True,True,False
31,23,1.0,1.0,7.228286916229134e-05,0,True,True,True
32,807,0.9999958276748657,1.0,7.227856716090956e-05,0,True,True,True
33,106,0.9999988079071045,1.0,7.233960668167026e-05,0,True,True,True
34,23,1.0,1.0,7.22852861961752e-05,0,True,True,True
35,730,1.0,1.0,7.228234615757175e-05,0,True,True,True
36,859,0.9999998807907104,1.0,7.228569709938595e-05,0,True,True,True
37,229,0.3835054934024811,0.3,0.0025806951512481325,2,True,True,False
38,265,1.0,1.0,7.228213548405174e-05,0,True,True,True
39,846,0.16405518352985382,0.1,0.0016490973876457115,1,True,True,False
40,436,1.0,1.0,7.232976943305323e-05,0,True,True,True
41,132,1.0,1.0,7.228318185434709e-05,0,True,True,True
42,929,0.06778405606746674,0.0,0.0013928625548768952,5,False,True,False
43,825,0.9999998211860657,1.0,7.228815440850058e-05,0,True,True,True
44,913,0.9999993443489075,1.0,7.235680018745544e-05,0,True,True,True
45,649,0.058655884116888046,0.0,0.0020622327729781513,6,True,True,False
46,806,0.14073842763900757,0.0,0.0019513575700650842,4,True,True,False
47,115,1.0,1.0,7.228116185720793e-05,0,True,True,True
48,2,1.0,1.0,7.227940118717193e-05,0,True,True,True
49,242,0.14585040509700775,0.2,0.00327152596054381,15,True,True,False
50,674,0.05512804910540581,0.0,0.002765938082423563,15,True,True,False
51,80,0.27447202801704407,0.2,0.003051816156373682,16,True,True,False
52,16,0.9999997019767761,1.0,7.227721296761866e-05,0,True,True,True
53,23,1.0,1.0,7.22806829211887e-05,0,True,True,True
54,929,0.11172012239694595,0.0,0.0027426563762599863,11,True,True,False
55,123,0.9999979138374329,1.0,7.227438081626545e-05,0,True,True,True
56,34,1.0,1.0,7.228299167020975e-05,0,True,True,True
57,284,1.0,1.0,7.22754032803277e-05,0,True,True,True
58,16,1.0,1.0,7.227936204322314e-05,0,True,True,True
59,185,0.15790623426437378,0.0,0.0016574913911068332,1,False,True,False
60,628,0.09422177076339722,0.1,0.0027706155036796966,6,True,True,False
61,971,0.9999995827674866,1.0,7.22887284511948e-05,0,True,True,True
62,712,0.06302541494369507,0.05,0.002823970141146405,7,True,True,False
63,566,0.9999998807907104,1.0,7.23538704578183e-05,0,True,True,True
64,460,0.9999999403953552,1.0,7.227622138921189e-05,0,True,True,True
65,440,0.9999982118606567,1.0,7.228445616045518e-05,0,True,True,True
66,160,1.0,1.0,7.228788650348913e-05,0,True,True,True
67,16,1.0,1.0,7.228050381258444e-05,0,True,True,True
68,329,0.9999998211860657,1.0,7.23240915837048e-05,0,True,True,True
69,951,0.09038403630256653,0.0,0.0021722100623068306,1,False,True,False
70,17,0.9999992251396179,1.0,7.238178224040927e-05,0,True,True,True
71,457,0.14325948059558868,0.15,0.0025020853720248517,4,True,True,False
72,362,0.999997079372406,1.0,7.233512437712377e-05,0,True,True,True
73,668,0.08139191567897797,0.2,0.001425500671144765,3,True,True,False
74,25,0.07718886435031891,0.25,0.0017570668908697652,5,True,True,False
75,80,0.07221632450819016,0.15,0.003264076004506549,19,True,True,False
76,377,1.0,1.0,7.22854725547284e-05,0,True,True,True
77,845,0.9999999403953552,1.0,7.23591986745157e-05,0,True,True,True
78,195,0.9999974370002747,1.0,7.23017600160444e-05,0,True,True,True
79,195,0.999999463558197,1.0,7.230260663163407e-05,0,True,True,True
80,51,0.27447202801704407,0.2,0.0049504555123165836,52,True,True,False
81,147,0.9999991655349731,1.0,7.233068249916372e-05,0,True,True,True
82,951,0.06705230474472046,0.1,0.0017435833648680244,3,False,True,False
83,197,0.07703252136707306,0.0,0.0010856873327621302,2,True,True,False
84,16,1.0,1.0,7.228241533568243e-05,0,True,True,True
85,136,1.0,1.0,7.228524232008296e-05,0,True,True,True
86,894,0.5810785293579102,0.45,0.003608843537676255,29,True,True,False
87,67,1.0,1.0,7.228901802915622e-05,0,True,True,True
88,28,1.0,1.0,7.228805125433775e-05,0,True,True,True
89,548,0.10785325616598129,0.15,0.0012679209880336532,2,True,True,False
90,582,0.9999961853027344,1.0,7.230472407659038e-05,0,True,True,True
91,886,0.9999997615814209,1.0,7.22811133052065e-05,0,True,True,True
92,737,0.9999997615814209,1.0,7.22873356847903e-05,0,True,True,True
93,161,0.9999999403953552,1.0,7.228101400300905e-05,0,True,True,True
94,331,0.04932012781500816,0.05,0.002989879119016586,17,True,True,False
95,46,0.10326751321554184,0.1,0.0026092726073549287,9,True,True,False
96,431,1.0,1.0,7.234256073260956e-05,0,True,True,True
97,602,0.9999994039535522,1.0,7.234285622375094e-05,0,True,True,True
98,807,0.9999970197677612,1.0,7.231638415488382e-05,0,True,True,True
99,153,0.9999996423721313,1.0,7.228624531330987e-05,0,True,True,True
100,16,1.0,1.0,7.228130213724142e-05,0,True,True,True
101,253,0.9999998807907104,1.0,7.232887608941169e-05,0,True,True,True
102,871,0.05376017466187477,0.15,0.004007281218464021,24,True,True,False
103,67,1.0,1.0,7.2284103575283e-05,0,True,True,True
104,832,0.14224115014076233,0.0,0.002400148077449922,11,True,True,False
105,169,1.0,1.0,7.22848215358967e-05,0,True,True,True
106,112,0.9999998807907104,1.0,7.233441056055997e-05,0,True,True,True
107,296,0.8786672949790955,0.2,0.0029104239273256916,9,True,True,False
108,440,0.9999967813491821,1.0,7.22616617673955e-05,0,True,True,True
109,902,0.11744283139705658,0.2,0.0037710915041654896,25,True,True,False
110,563,0.9999990463256836,1.0,7.230843838595137e-05,0,True,True,True
111,853,0.999999463558197,1.0,7.228767780851803e-05,0,True,True,True
112,238,1.0,1.0,7.233695105183838e-05,0,True,True,True
113,2,1.0,1.0,7.228388521462038e-05,0,True,True,True
114,784,0.15676695108413696,0.15,0.00297669459996134,8,True,True,False
115,16,1.0,1.0,7.228283623910121e-05,0,True,True,True
116,480,0.9999998211860657,1.0,7.233391680343668e-05,0,True,True,True
117,263,0.06295184791088104,0.2,0.0033804964550488256,16,True,True,False
118,56,1.0,1.0,7.228132961867415e-05,0,True,True,True
119,814,0.1750464141368866,0.25,0.0021881572655504406,4,True,True,False
120,961,0.9813697934150696,0.4,0.0023332476728609563,8,True,True,False
121,816,0.10858829319477081,0.1,0.001603655840228002,2,True,True,False
122,352,0.19900725781917572,0.4,0.0031969592832989625,15,True,True,False
123,869,0.9999999403953552,1.0,7.22800033168893e-05,0,True,True,True
124,628,0.046488918364048004,0.1,0.002560495546772689,11,True,True,False
125,876,0.9999999403953552,1.0,7.228469352582325e-05,0,True,True,True
126,241,0.9821393489837646,0.5,0.005323593271022475,47,True,True,False
127,882,0.9999992251396179,1.0,7.229483767538211e-05,0,True,True,True
128,99,0.9999995231628418,1.0,7.227847001151135e-05,0,True,True,True
129,23,1.0,1.0,7.228613844202625e-05,0,True,True,True
130,58,1.0,1.0,7.228359946570654e-05,0,True,True,True
131,154,0.4399043917655945,0.1,0.0030456090916776445,11,True,True,False
132,41,1.0,1.0,7.228116088460304e-05,0,True,True,True
133,447,0.040902163833379745,0.0,0.004359854551843918,36,True,True,False
134,871,0.05811840295791626,0.1,0.0019898194986458454,2,True,True,False
135,16,1.0,1.0,7.228585690791693e-05,0,True,True,True
136,85,1.0,1.0,7.228939898964644e-05,0,True,True,True
137,204,1.0,1.0,7.228171815439707e-05,0,True,True,True
138,951,0.07735587656497955,0.0,0.0015778249896004006,2,False,True,False
139,373,0.14114031195640564,0.2,0.0024338939222188355,9,True,True,False
140,682,0.9999997615814209,1.0,7.23013597859465e-05,0,True,True,True
141,399,1.0,1.0,7.22873367878284e-05,0,True,True,True
142,365,0.9999977350234985,1.0,7.230754958115458e-05,0,True,True,True
143,16,1.0,1.0,7.228234759567278e-05,0,True,True,True
144,35,0.9999993443489075,1.0,7.229509293429683e-05,0,True,True,True
145,951,0.04775625467300415,0.0,0.0017903670550374184,5,True,True,False
146,115,1.0,1.0,7.228352051713467e-05,0,True,True,True
147,478,0.9999998211860657,1.0,7.233185722709302e-05,0,True,True,True
148,717,0.08871739357709885,0.0,0.0019203098008194499,8,False,True,False
149,649,0.9999938607215881,1.0,7.222785176253129e-05,0,True,True,True
150,979,0.14566276967525482,0.0,0.0022625644956023503,12,True,True,False
151,233,0.9999998211860657,1.0,7.234621921753983e-05,0,True,True,True
152,300,1.0,1.0,7.228449351377805e-05,0,True,True,True
153,326,1.0,1.0,7.22858999281824e-05,0,True,True,True
154,131,0.4399043917655945,0.1,0.0026953941205199315,15,True,True,False
155,649,0.05675540864467621,0.0,0.0019803485093475783,9,False,True,False
156,189,0.6620800495147705,0.0,0.0038112412338344023,50,True,True,False
157,951,0.0856141597032547,0.0,0.0019285265844631175,1,True,True,False
158,168,0.07837561517953873,0.0,0.0010443330597870476,1,True,True,False
159,249,0.10663849860429764,0.15,0.0015280673144347937,8,True,True,False
160,41,1.0,1.0,7.228484289849071e-05,0,True,True,True
161,16,1.0,1.0,7.227821979667378e-05,0,True,True,True
162,363,0.9999999403953552,1.0,7.233843287994753e-05,0,True,True,True
163,109,0.09121145308017731,0.2,0.0023421176294549963,9,True,True,False
164,23,1.0,1.0,7.228704208929895e-05,0,True,True,True
165,161,1.0,1.0,7.228174726060446e-05,0,True,True,True
166,951,0.08751437813043594,0.0,0.0017841710236538512,3,True,True,False
167,156,0.4407578706741333,0.0,0.0029542720718871832,26,True,True,False
168,286,0.9999982714653015,1.0,7.227163939581985e-05,0,True,True,True
169,23,1.0,1.0,7.228197622570281e-05,0,True,True,True
170,235,0.9999995231628418,1.0,7.229018071945064e-05,0,True,True,True
171,16,0.9999998211860657,1.0,7.228269905081026e-05,0,True,True,True
172,951,0.05825765058398247,0.0,0.002455087221929798,6,True,True,False
173,463,0.10764294862747192,0.1,0.002032602674464624,4,True,True,False
174,353,1.0,1.0,7.228419852702246e-05,0,True,True,True
175,523,0.9999997019767761,1.0,7.232706049294465e-05,0,True,True,True
176,929,0.059210460633039474,0.0,0.003070371488806052,15,True,True,False
177,929,0.039442941546440125,0.0,0.003388660142194588,23,True,True,False
178,6,0.9999995231628418,1.0,7.236843928600626e-05,0,True,True,True
179,23,1.0,1.0,7.228306351571486e-05,0,True,True,True
180,770,0.06984277814626694,0.1,0.0026205984444619282,7,True,True,False
181,534,0.9999999403953552,1.0,7.233588472028556e-05,0,True,True,True
182,197,0.15483692288398743,0.0,0.0015296308765794745,1,True,True,False
183,308,1.0,1.0,7.228189873711811e-05,0,True,True,True
184,23,1.0,1.0,7.228514944099618e-05,0,True,True,True
185,996,0.9999991059303284,1.0,7.229084565343645e-05,0,True,True,True
186,951,0.056927844882011414,0.0,0.0014442145719838447,1,True,True,False
187,34,1.0,1.0,7.228332786780219e-05,0,True,True,True
188,70,0.9999992251396179,1.0,7.238347903678144e-05,0,True,True,True
189,156,0.6620800495147705,0.0,0.004364333972402486,68,True,True,False
190,346,0.07125604152679443,0.05,0.0012403877711272438,2,True,True,False
191,637,0.10689517855644226,0.15,0.0022285804123614657,10,True,True,False
192,946,0.13308195769786835,0.15,0.002701145869628287,5,False,True,False
193,764,0.1491297334432602,0.1,0.0022520892948959675,10,True,True,False
194,403,0.9999998211860657,1.0,7.229266343312767e-05,0,True,True,True
195,135,0.9999998211860657,1.0,7.229663299231401e-05,0,True,True,True
196,23,1.0,1.0,7.228422793919728e-05,0,True,True,True
197,649,0.9999910593032837,1.0,7.221296579324744e-05,0,True,True,True
198,451,0.11705539375543594,0.1,0.0018041917420312484,5,True,True,False
199,900,0.1318674236536026,0.1,0.002590145145118059,19,True,True,False
200,518,1.0,1.0,7.228779787712569e-05,0,True,True,True
201,688,0.07924938201904297,0.1,0.001502257532443658,3,True,True,False
202,951,0.06849434971809387,0.0,0.0012866087954230367,2,True,True,False
203,84,1.0,1.0,7.228064250034662e-05,0,True,True,True
204,5,1.0,1.0,7.228066703259481e-05,0,True,True,True
205,365,0.9999991059303284,1.0,7.230348203795091e-05,0,True,True,True
206,785,0.3343590795993805,0.25,0.0028002090916117834,5,True,True,False
207,575,0.9999998807907104,1.0,7.235635870982368e-05,0,True,True,True
208,422,0.043513163924217224,0.2,0.00219683487309944,8,True,True,False
209,123,0.9999996423721313,1.0,7.228439685792063e-05,0,True,True,True
210,715,0.18198390305042267,0.25,0.002321999278976644,6,False,False,False
211,663,0.03309880569577217,0.15,0.0019011175164028182,7,True,True,False
212,988,1.0,1.0,7.228041765711154e-05,0,True,True,True
213,939,1.0,1.0,7.227560979978645e-05,0,True,True,True
214,572,0.10791041702032089,0.05,0.0026567328666188086,5,True,True,False
215,53,1.0,1.0,7.227705947524439e-05,0,True,True,True
216,853,0.9999994039535522,1.0,7.228243194129584e-05,0,True,True,True
217,23,1.0,1.0,7.227903039153302e-05,0,True,True,True
218,820,0.9999997615814209,1.0,7.228131856173897e-05,0,True,True,True
219,380,0.07654435187578201,0.1,0.002976386406924069,17,True,True,False
220,480,1.0,1.0,7.23428452626446e-05,0,True,True,True
221,566,0.9999998211860657,1.0,7.23567932202556e-05,0,True,True,True
222,777,0.2475949227809906,0.35,0.002624587793577712,14,True,True,False
223,304,0.9999980330467224,1.0,7.228124406611616e-05,0,True,True,True
224,16,1.0,1.0,7.228228320930633e-05,0,True,True,True
225,66,1.0,1.0,7.228541121957578e-05,0,True,True,True
226,406,1.0,1.0,7.228283722812802e-05,0,True,True,True
227,41,1.0,1.0,7.228141909522862e-05,0,True,True,True
228,806,0.05514964461326599,0.0,0.0017936286826577762,8,True,True,False
229,928,0.614401638507843,0.3,0.0066020936657229315,35,True,True,False
230,679,0.9999996423721313,1.0,7.228249280218561e-05,0,True,True,True
231,171,0.9999987483024597,1.0,7.228619850408876e-05,0,True,True,True
232,841,0.9999998807907104,1.0,7.234585957936088e-05,0,True,True,True
233,595,0.9999998807907104,1.0,7.23536187275776e-05,0,True,True,True
234,719,0.562641978263855,0.15,0.005937228996259228,63,True,True,False
235,16,0.9999998211860657,1.0,7.22858886806115e-05,0,True,True,True
236,951,0.08980942517518997,0.05,0.0026299689248917967,7,True,True,False
237,920,1.0,1.0,7.227230419589177e-05,0,True,True,True
238,112,1.0,1.0,7.233829737179704e-05,0,True,True,True
239,660,1.0,1.0,7.227869216275338e-05,0,True,True,True
240,598,0.11016008257865906,0.15,0.0040481511352396604,17,True,True,False
241,126,0.9821393489837646,0.5,0.0034804274273701826,16,True,True,False
242,49,0.14585040509700775,0.2,0.002761566219164865,16,True,True,False
243,552,0.05368960648775101,0.1,0.0028210651223637842,9,True,True,False
244,730,0.9999995827674866,1.0,7.227926794524508e-05,0,True,True,True
245,540,0.9999980330467224,1.0,7.24190529366015e-05,0,True,True,True
246,51,0.236994668841362,0.35,0.003778648780345959,29,True,True,False
247,263,0.3814462721347809,0.35,0.0023878943359706855,12,True,True,False
248,371,0.9999971985816956,1.0,7.227326849730977e-05,0,True,True,True
249,288,0.12677519023418427,0.35,0.0018784447138490157,4,True,True,False
250,317,0.9999998807907104,1.0,7.229346009492568e-05,0,True,True,True
251,6,0.9999993443489075,1.0,7.236776355280077e-05,0,True,True,True
252,23,1.0,1.0,7.228289732062907e-05,0,True,True,True
253,101,0.9999998807907104,1.0,7.233159122391024e-05,0,True,True,True
254,6,0.9999992847442627,1.0,7.236843640337787e-05,0,True,True,True
255,458,0.9999992847442627,1.0,7.226871265970606e-05,0,True,True,True
256,296,0.21245449781417847,0.3,0.0035251911441141694,25,True,True,False
257,16,1.0,1.0,7.228598824647573e-05,0,True,True,True
258,484,0.301617830991745,0.15,0.0033891138242135555,21,True,True,False
259,913,0.9999993443489075,1.0,7.235104333083032e-05,0,True,True,True
260,371,0.999995231628418,1.0,7.228213914622984e-05,0,True,True,True
261,16,1.0,1.0,7.228782191974306e-05,0,True,True,True
262,17,0.9999998807907104,1.0,7.2369587385831e-05,0,True,True,True
263,247,0.3814462721347809,0.35,0.0035137308549199786,10,True,True,False
264,142,0.9999974966049194,1.0,7.231516174684247e-05,0,True,True,True
265,38,1.0,1.0,7.228074537186695e-05,0,True,True,True
266,893,0.9934892058372498,0.6,0.0036095250411790672,18,True,True,False
267,766,0.11955291777849197,0.25,0.0025372140343496033,2,True,True,False
268,480,0.9999997615814209,1.0,7.232997545687813e-05,0,True,True,True
269,257,0.9999998807907104,1.0,7.229001934257495e-05,0,True,True,True
270,622,0.9999999403953552,1.0,7.233355550513622e-05,0,True,True,True
271,875,0.05663362517952919,0.05,0.004807978147153945,45,True,True,False
272,977,0.09046909213066101,0.0,0.0016315263751562035,3,True,True,False
273,390,0.07349320501089096,0.0,0.0018362163076300407,7,True,True,False
274,16,1.0,1.0,7.228673444874702e-05,0,True,True,True
275,951,0.07138825953006744,0.0,0.002161664735408646,3,True,True,False
276,718,0.9999998211860657,1.0,7.228699989515026e-05,0,True,True,True
277,321,0.9999997615814209,1.0,7.236038793846663e-05,0,True,True,True
278,293,0.9999983310699463,1.0,7.237535185523706e-05,0,True,True,True
279,23,1.0,1.0,7.228481050757401e-05,0,True,True,True
280,532,0.0473569855093956,0.1,0.0025940381539098665,13,True,True,False
281,169,1.0,1.0,7.227603860760021e-05,0,True,True,True
282,977,0.11893133819103241,0.0,0.0013715525405577458,0,True,True,False
283,53,1.0,1.0,7.227734017110256e-05,0,True,True,True
284,23,1.0,1.0,7.227691895685618e-05,0,True,True,True
285,706,0.9999991059303284,1.0,7.229911391037912e-05,0,True,True,True
286,168,0.9999982714653015,1.0,7.2291278615237e-05,0,True,True,True
287,951,0.08703342080116272,0.05,0.0016522481685621497,3,True,True,False
288,249,0.12677519023418427,0.35,0.001909259505996878,6,True,True,False
289,96,0.9999999403953552,1.0,7.234298802711892e-05,0,True,True,True
290,252,1.0,1.0,7.22798178592857e-05,0,True,True,True
291,5,0.9999986886978149,1.0,7.227076378844803e-05,0,True,True,True
292,410,0.9999979138374329,1.0,7.23223957037528e-05,0,True,True,True
293,70,0.9999987483024597,1.0,7.238253409078603e-05,0,True,True,True
294,480,0.9999997615814209,1.0,7.232976111959384e-05,0,True,True,True
295,764,0.1673569679260254,0.1,0.002891020397329865,13,True,True,False
296,655,0.9509856700897217,0.4,0.005653940509283676,35,True,True,False
297,294,0.9999993443489075,1.0,7.233258241935264e-05,0,True,True,True
298,575,0.9999997019767761,1.0,7.234545718347749e-05,0,True,True,True
299,858,0.03346237912774086,0.05,0.0030648294923672943,19,True,True,False
300,53,1.0,1.0,7.228146602700692e-05,0,True,True,True
301,16,1.0,1.0,7.228415840124367e-05,0,True,True,True
302,840,0.9145787358283997,0.4,0.0020287767799305827,0,True,True,False
303,915,0.05017897114157677,0.05,0.003018444493733724,9,True,True,False
304,620,0.999999463558197,1.0,7.227469127712919e-05,0,True,True,True
305,293,0.9999984502792358,1.0,7.240491185356907e-05,0,True,True,True
306,67,1.0,1.0,7.228708271572572e-05,0,True,True,True
307,184,1.0,1.0,7.228403192232095e-05,0,True,True,True
308,53,1.0,1.0,7.227864674025453e-05,0,True,True,True
309,2,1.0,1.0,7.228102076066632e-05,0,True,True,True
310,53,1.0,1.0,7.227703331280808e-05,0,True,True,True
311,16,1.0,1.0,7.228203005815986e-05,0,True,True,True
312,115,1.0,1.0,7.228335827683784e-05,0,True,True,True
313,132,0.9999997615814209,1.0,7.228936915146151e-05,0,True,True,True
314,878,0.9999984502792358,1.0,7.228017502695009e-05,0,True,True,True
315,683,0.9999998211860657,1.0,7.231520739604026e-05,0,True,True,True
316,946,0.1777062714099884,0.35,0.0025684877674255393,8,True,True,False
317,66,1.0,1.0,7.229124541901283e-05,0,True,True,True
318,106,0.9999998211860657,1.0,7.232781802535773e-05,0,True,True,True
319,833,0.05793079733848572,0.05,0.0016860264378539837,4,True,True,False
320,51,0.08243393898010254,0.15,0.002227232242280212,3,True,True,False
321,6,0.9999999403953552,1.0,7.236059445741849e-05,0,True,True,True
322,568,0.7789817452430725,0.4,0.0028974495615331037,12,True,True,False
323,267,0.10713084042072296,0.15,0.0027758661866940267,12,True,True,False
324,41,1.0,1.0,7.228454028956899e-05,0,True,True,True
325,400,0.06960491836071014,0.3,0.0016865128171603082,1,True,True,False
326,16,1.0,1.0,7.228599125288268e-05,0,True,True,True
327,979,0.103421151638031,0.05,0.0018248690290098453,3,True,True,False
328,651,0.05416831374168396,0.25,0.0019436165496807727,2,True,True,False
329,68,0.9999998211860657,1.0,7.232045673634071e-05,0,True,True,True
330,929,0.07906538248062134,0.0,0.0019638388151735926,7,True,True,False
331,894,0.13442681729793549,0.25,0.0030659881598920887,10,True,True,False
332,227,0.9999997615814209,1.0,7.228274089216879e-05,0,True,True,True
333,484,0.04086819291114807,0.1,0.0011139051144829736,4,True,True,False
334,219,0.05367080494761467,0.05,0.0015877639787449484,2,True,True,False
335,769,0.9999999403953552,1.0,7.227928714260234e-05,0,True,True,True
336,244,0.9999988079071045,1.0,7.229253000844768e-05,0,True,True,True
337,385,0.9999986886978149,1.0,7.230387504954436e-05,0,True,True,True
338,755,0.044981058686971664,0.0,0.002776048832870008,16,True,True,False
339,929,0.048339929431676865,0.0,0.0021114034999976613,8,True,True,False
340,113,1.0,1.0,7.228308049608046e-05,0,True,True,True
341,278,0.9999930262565613,1.0,7.237659969845336e-05,0,True,True,True
342,146,1.0,1.0,7.229055948518512e-05,0,True,True,True
343,16,1.0,1.0,7.228676961064621e-05,0,True,True,True
344,23,1.0,1.0,7.228012825562352e-05,0,True,True,True
345,848,0.9999996423721313,1.0,7.232518738475264e-05,0,True,True,True
346,919,0.12778136134147644,0.15,0.0018601524007517526,4,True,True,False
347,649,0.07887434959411621,0.0,0.0014895170824887568,0,True,True,False
348,16,1.0,1.0,7.229012858634947e-05,0,True,True,True
349,693,0.25909334421157837,0.25,0.0031695077828839064,9,True,True,False
350,724,0.08674824237823486,0.15,0.0022159604077476628,7,True,True,False
351,822,1.0,1.0,7.228740990345763e-05,0,True,True,True
352,416,0.9869071245193481,0.55,0.005261255142380371,47,True,True,False
353,113,1.0,1.0,7.228002927588111e-05,0,True,True,True
354,660,0.9999998211860657,1.0,7.228734033751977e-05,0,True,True,True
355,550,0.9999936819076538,1.0,7.235126412640063e-05,0,True,True,True
356,889,0.9999999403953552,1.0,7.228470746256134e-05,0,True,True,True
357,541,0.046922314912080765,0.05,0.0012595651561159286,1,True,True,False
358,115,1.0,1.0,7.228026723375976e-05,0,True,True,True
359,647,0.9999988675117493,1.0,7.236220953043168e-05,0,True,True,True
360,951,0.1195555180311203,0.0,0.00228847661160193,2,True,True,False
361,770,0.2797239124774933,0.3,0.0028232569114838534,15,True,True,False
362,181,0.9999998807907104,1.0,7.233420769301119e-05,0,True,True,True
363,162,0.9999999403953552,1.0,7.23481035103788e-05,0,True,True,True
364,951,0.04084707796573639,0.0,0.0017769199075604303,5,True,True,False
365,205,0.9999991059303284,1.0,7.230775667653077e-05,0,True,True,True
366,219,0.059589989483356476,0.15,0.0040668965578508,23,True,True,False
367,929,0.1723853349685669,0.05,0.0018799185572151403,1,True,True,False
368,168,0.08062151819467545,0.0,0.0011636043745234356,3,False,True,False
369,195,0.9999980330467224,1.0,7.230789628315547e-05,0,True,True,True
370,300,0.9999998211860657,1.0,7.227862441430923e-05,0,True,True,True
371,248,0.9999971985816956,1.0,7.229198664082343e-05,0,True,True,True
372,534,1.0,1.0,7.232788032767491e-05,0,True,True,True
373,139,0.14114031195640564,0.2,0.0016802951936772882,4,True,True,False
374,195,0.9999985098838806,1.0,7.22955187809694e-05,0,True,True,True
375,115,1.0,1.0,7.228521480066357e-05,0,True,True,True
376,967,0.15751619637012482,0.15,0.0015976382755518697,1,False,False,False
377,76,1.0,1.0,7.228303319414815e-05,0,True,True,True
378,831,0.409427672624588,0.35,0.0023069848097461007,10,True,True,False
379,321,0.9999999403953552,1.0,7.235886773455907e-05,0,True,True,True
380,637,0.09275316447019577,0.1,0.0017188522337521009,2,True,True,False
381,890,0.16970506310462952,0.2,0.001566077567328417,2,True,True,False
382,48,1.0,1.0,7.228000987115652e-05,0,True,True,True
383,16,1.0,1.0,7.228379160873508e-05,0,True,True,True
384,951,0.14069698750972748,0.0,0.0019170050350793483,1,True,True,False
385,317,1.0,1.0,7.229111539199268e-05,0,True,True,True
386,239,0.9999997019767761,1.0,7.228614919759629e-05,0,True,True,True
387,165,0.9999996423721313,1.0,7.229379919946989e-05,0,True,True,True
388,56,0.9999998211860657,1.0,7.227607075186086e-05,0,True,True,True
389,329,0.9999990463256836,1.0,7.232482122156598e-05,0,True,True,True
390,951,0.08482342958450317,0.0,0.001981384748045741,7,True,True,False
391,576,0.23948955535888672,0.25,0.002502968737016609,6,True,True,False
392,53,1.0,1.0,7.22820972128633e-05,0,True,True,True
393,457,0.8263591527938843,0.4,0.0038652332655106044,20,True,True,False
394,101,0.9999988675117493,1.0,7.233445524273903e-05,0,True,True,True
395,345,0.9999992847442627,1.0,7.231748814992457e-05,0,True,True,True
396,16,1.0,1.0,7.228582977605528e-05,0,True,True,True
397,95,0.10037453472614288,0.05,0.002046007862960035,6,True,True,False
398,649,0.11370261758565903,0.0,0.0018413694207311281,3,True,True,False
399,141,1.0,1.0,7.228857419853286e-05,0,True,True,True
400,964,0.462135374546051,0.6,0.00947141419936295,67,True,True,False
401,562,0.9999998807907104,1.0,7.229139785547584e-05,0,True,True,True
402,951,0.08313678205013275,0.0,0.0017761261415373643,8,True,True,False
403,115,1.0,1.0,7.228813239182938e-05,0,True,True,True
404,2,1.0,1.0,7.227926365152633e-05,0,True,True,True
405,312,1.0,1.0,7.228745941559207e-05,0,True,True,True
406,34,1.0,1.0,7.228566910615265e-05,0,True,True,True
407,132,0.9999999403953552,1.0,7.228774720080414e-05,0,True,True,True
408,684,0.10349353402853012,0.2,0.0017596454308378229,6,True,True,False
409,838,0.10218145698308945,0.05,0.0025305765060953046,11,True,False,False
410,345,0.9999986886978149,1.0,7.231558239144199e-05,0,True,True,True
411,220,0.9999998807907104,1.0,7.233585014182446e-05,0,True,True,True
412,903,0.9999999403953552,1.0,7.228391874829039e-05,0,True,True,True
413,23,1.0,1.0,7.22847516483696e-05,0,True,True,True
414,48,1.0,1.0,7.228203939396023e-05,0,True,True,True
415,875,0.13292154669761658,0.1,0.0028552489786462503,14,True,True,False
416,352,0.9869071245193481,0.55,0.0036996415141177584,15,True,True,False
417,317,0.9999998807907104,1.0,7.229119249663762e-05,0,True,True,True
418,46,0.07622037082910538,0.05,0.0019282667069511156,0,True,True,False
419,476,0.9999989867210388,1.0,7.22835707683999e-05,0,True,True,True
420,85,0.9999997615814209,1.0,7.228038117954964e-05,0,True,True,True
421,118,1.0,1.0,7.227655175329767e-05,0,True,True,True
422,929,0.055765118449926376,0.0,0.0017758238468548711,1,True,True,False
423,951,0.06285440921783447,0.0,0.00205864456310217,6,False,True,False
424,574,0.9999988675117493,1.0,7.230356932546186e-05,0,True,True,True
425,660,0.9999998211860657,1.0,7.227841188519804e-05,0,True,True,True
426,48,1.0,1.0,7.227860851916019e-05,0,True,True,True
427,468,0.08657195419073105,0.05,0.0029841087280154943,14,True,True,False
428,689,0.9999996423721313,1.0,7.229382441243164e-05,0,True,True,True
429,649,0.09142272919416428,0.0,0.0022625745327455025,4,True,True,False
430,463,0.04236350208520889,0.0,0.002044626933725637,11,True,True,False
431,96,1.0,1.0,7.234636140530748e-05,0,True,True,True
432,882,0.9999999403953552,1.0,7.229311677159133e-05,0,True,True,True
433,170,0.9999992251396179,1.0,7.229415644753246e-05,0,True,True,True
434,392,1.0,1.0,7.227912229903295e-05,0,True,True,True
435,165,0.9999997019767761,1.0,7.228966303906267e-05,0,True,True,True
436,40,1.0,1.0,7.233093820060972e-05,0,True,True,True
437,719,0.7634464502334595,0.55,0.0033520076103992495,13,True,True,False
438,951,0.049711987376213074,0.0,0.0024287179225009497,8,True,True,False
439,135,0.9999998211860657,1.0,7.229355998672643e-05,0,True,True,True
440,461,0.9999986290931702,1.0,7.227357756937467e-05,0,True,True,True
441,516,0.999998152256012,1.0,7.227635077088574e-05,0,True,True,True
442,34,1.0,1.0,7.227948606167096e-05,0,True,True,True
443,360,0.09082188457250595,0.05,0.0018873137580421504,3,True,True,False
444,548,0.12009821832180023,0.15,0.0035657567068685015,16,True,True,False
445,951,0.12006445229053497,0.0,0.0020287117299344114,4,True,True,False
446,221,0.9999985098838806,1.0,7.23628213921063e-05,0,True,True,True
447,858,0.17870838940143585,0.05,0.0022780186443731236,5,True,True,False
448,67,1.0,1.0,7.228823072875802e-05,0,True,True,True
449,529,1.0,1.0,7.228759371187893e-05,0,True,True,True
450,136,0.9999995231628418,1.0,7.229041916306658e-05,0,True,True,True
451,104,0.12818309664726257,0.1,0.0020272213885534026,2,True,True,False
452,674,0.9999975562095642,1.0,7.227993724630745e-05,0,True,True,True
453,313,0.9999992251396179,1.0,7.229022290227715e-05,0,True,True,True
454,400,0.30844545364379883,0.45,0.0029175540167039817,8,True,True,False
455,681,0.11301633715629578,0.3,0.0024144785508281663,6,True,True,False
456,719,0.10612376034259796,0.3,0.0031179085210787244,12,True,True,False
457,393,0.8263591527938843,0.4,0.002602902670540098,5,True,True,False
458,392,0.9999999403953552,1.0,7.227749101438955e-05,0,True,True,True
459,605,0.07157741487026215,0.15,0.0013117863237678505,5,True,True,False
460,326,1.0,1.0,7.228177468459042e-05,0,True,True,True
461,440,0.9999986290931702,1.0,7.227724930796883e-05,0,True,True,True
462,53,1.0,1.0,7.228116269686856e-05,0,True,True,True
463,258,0.16598758101463318,0.15,0.0022772725303284095,5,True,True,False
464,651,0.18191754817962646,0.35,0.002913148327195573,12,True,True,False
465,541,0.05647167190909386,0.0,0.00207286225534067,8,True,True,False
466,120,0.820769190788269,0.4,0.002065000246400091,4,True,True,False
467,814,0.3188427984714508,0.25,0.0017755723204948492,1,True,True,False
468,951,0.09784869104623795,0.0,0.0020275877154972417,2,True,True,False
469,541,0.056274622678756714,0.0,0.0012173079816541602,5,False,True,False
470,533,0.11063482612371445,0.0,0.0027567131164485665,10,True,True,False
471,165,0.9999995231628418,1.0,7.228148646892083e-05,0,True,True,True
472,274,1.0,1.0,7.228387953873314e-05,0,True,True,True
473,680,0.19242329895496368,0.4,0.00389899505713152,35,True,True,False
474,762,0.9999982118606567,1.0,7.22961769112521e-05,0,True,True,True
475,23,1.0,1.0,7.228354878408007e-05,0,True,True,True
476,215,0.9999998807907104,1.0,7.227582461287376e-05,0,True,True,True
477,533,0.12789560854434967,0.05,0.0023875743081646994,4,True,True,False
478,514,0.9999999403953552,1.0,7.23306542521209e-05,0,True,True,True
479,16,0.9999999403953552,1.0,7.228642288814871e-05,0,True,True,True
480,220,1.0,1.0,7.233813894839353e-05,0,True,True,True
481,48,1.0,1.0,7.227801977616427e-05,0,True,True,True
482,589,0.9999979734420776,1.0,7.225878107397875e-05,0,True,True,True
483,45,0.045206114649772644,0.05,0.0035957255973475743,16,True,True,False
484,258,0.301617830991745,0.15,0.002468429073492313,6,True,True,False
485,823,0.9999982714653015,1.0,7.227627153538326e-05,0,True,True,True
486,17,0.9999990463256836,1.0,7.238966456350302e-05,0,True,True,True
487,340,0.9999998807907104,1.0,7.22840143741421e-05,0,True,True,True
488,651,0.09530795365571976,0.35,0.002127442778581122,9,True,True,False
489,197,0.05295433849096298,0.0,0.0009650128334785133,2,True,True,False
490,929,0.09536595642566681,0.0,0.001806998730058265,7,False,True,False
491,922,0.13966694474220276,0.2,0.002409814840159503,14,False,False,False
492,805,0.9999995827674866,1.0,7.229069422802432e-05,0,True,True,True
493,48,0.9999998807907104,1.0,7.228429522972423e-05,0,True,True,True
494,585,0.9999988079071045,1.0,7.22788217030184e-05,0,True,True,True
495,933,1.0,1.0,7.228156054363254e-05,0,True,True,True
496,929,0.045528873801231384,0.0,0.0020110364417212576,4,True,True,False
497,967,0.10835231840610504,0.05,0.0015523572438492874,1,True,False,False
498,781,0.9971521496772766,0.55,0.003914826915556436,10,True,True,False
499,113,1.0,1.0,7.22882954066442e-05,0,True,True,True
500,348,0.9999999403953552,1.0,7.229088920173614e-05,0,True,True,True
501,951,0.07213931530714035,0.0,0.001809822681633378,6,False,True,False
502,951,0.09165889769792557,0.0,0.0016752490131839311,10,True,True,False
503,951,0.056578628718853,0.0,0.0010248966745518224,3,True,True,False
504,694,0.07995763421058655,0.1,0.0026872690845062557,12,True,True,False
505,53,1.0,1.0,7.227966171483088e-05,0,True,True,True
506,125,0.9999996423721313,1.0,7.228759334438646e-05,0,True,True,True
507,67,1.0,1.0,7.228190422364585e-05,0,True,True,True
508,797,0.14910182356834412,0.3,0.0018348547612392747,1,True,True,False
509,221,0.9999993443489075,1.0,7.23528930354061e-05,0,True,True,True
510,976,0.9999999403953552,1.0,7.232136924956039e-05,0,True,True,True
511,288,0.07739906013011932,0.3,0.0022275249626608233,7,True,True,False
512,197,0.14180053770542145,0.05,0.0011176700264691113,1,True,True,False
513,774,0.9999997019767761,1.0,7.234427547474524e-05,0,True,True,True
514,478,0.9999999403953552,1.0,7.232997849742542e-05,0,True,True,True
515,883,0.11495580524206161,0.05,0.0017742196870114309,7,True,True,False
516,882,0.9999997615814209,1.0,7.228151231636157e-05,0,True,True,True
517,762,0.9999984502792358,1.0,7.229695786146505e-05,0,True,True,True
518,200,1.0,1.0,7.228940406530723e-05,0,True,True,True
519,365,0.9999952912330627,1.0,7.233987793129795e-05,0,True,True,True
520,715,0.18286548554897308,0.15,0.003012658108076797,19,True,False,False
521,197,0.08602144569158554,0.0,0.0016969323337261905,5,False,True,False
522,877,1.0,1.0,7.228586698358307e-05,0,True,True,True
523,478,0.9999998211860657,1.0,7.233134227567365e-05,0,True,True,True
524,304,0.9999950528144836,1.0,7.22804937509032e-05,0,True,True,True
525,154,0.03713616728782654,0.0,0.002957868186474319,9,True,True,False
526,16,1.0,1.0,7.22850491534229e-05,0,True,True,True
527,7,0.15295666456222534,0.0,0.0017116293653113453,9,True,True,False
528,491,0.0458957739174366,0.0,0.0018710951525564548,12,False,False,False
529,16,1.0,1.0,7.228435531396189e-05,0,True,True,True
530,197,0.04889609292149544,0.0,0.0018420065571908696,4,True,True,False
531,385,1.0,1.0,7.228520380838468e-05,0,True,True,True
532,929,0.05230136215686798,0.0,0.0019683490803362566,7,True,True,False
533,792,0.20855437219142914,0.0,0.0024730533701421316,12,True,True,False
534,220,1.0,1.0,7.233730208021225e-05,0,True,True,True
535,764,0.4165329039096832,0.3,0.0029815979414963226,18,True,True,False
536,56,1.0,1.0,7.228126877309984e-05,0,True,True,True
537,2,1.0,1.0,7.228158064224163e-05,0,True,True,True
538,693,0.19815941154956818,0.15,0.00387790422273085,16,True,True,False
539,679,1.0,1.0,7.228496425573945e-05,0,True,True,True
540,245,0.9999980330467224,1.0,7.241737990724199e-05,0,True,True,True
541,547,0.9999964237213135,1.0,7.226756712568164e-05,0,True,True,True
542,242,0.049180325120687485,0.05,0.0019177036364638035,11,True,True,False
543,234,0.19739416241645813,0.1,0.0022156841586990286,4,True,True,False
544,48,1.0,1.0,7.228281682828831e-05,0,True,True,True
545,135,0.9999998807907104,1.0,7.229190518736562e-05,0,True,True,True
546,951,0.08032804727554321,0.0,0.0023460374408646027,9,False,True,False
547,160,0.9999974370002747,1.0,7.227013673636764e-05,0,True,True,True
548,993,0.2077285498380661,0.0,0.002257968322144063,5,True,True,False
549,574,0.9999973773956299,1.0,7.231432840327717e-05,0,True,True,True
550,178,0.9999983906745911,1.0,7.236065142575112e-05,0,True,True,True
551,16,1.0,1.0,7.227896580269505e-05,0,True,True,True
552,777,0.1600264310836792,0.1,0.0022529584918466457,4,True,True,False
553,113,1.0,1.0,7.228287418871447e-05,0,True,True,True
554,597,0.9999997615814209,1.0,7.235084683985636e-05,0,True,True,True
555,16,1.0,1.0,7.227979494274766e-05,0,True,True,True
556,953,0.9999975562095642,1.0,7.233386598395852e-05,0,True,True,True
557,431,0.9999998807907104,1.0,7.234516410401457e-05,0,True,True,True
558,960,0.11272818595170975,0.1,0.0027461529915527505,11,True,True,False
559,261,1.0,1.0,7.228323651805514e-05,0,True,True,True
560,789,0.9999994039535522,1.0,7.234809196282678e-05,0,True,True,True
561,263,0.037291549146175385,0.25,0.0025522442462374774,9,True,True,False
562,385,1.0,1.0,7.228699546163563e-05,0,True,True,True
563,110,0.9999990463256836,1.0,7.230770522864836e-05,0,True,True,True
564,951,0.08393354713916779,0.0,0.0011202520831134007,1,True,True,False
565,69,0.03799152746796608,0.15,0.0030378185529986823,19,True,False,False
566,321,0.9999999403953552,1.0,7.235419899128366e-05,0,True,True,True
567,835,0.9999980926513672,1.0,7.226494516963793e-05,0,True,True,True
568,322,0.7789817452430725,0.4,0.003218624397706969,16,True,True,False
569,541,0.10950559377670288,0.0,0.0013851341084592853,1,True,True,False
570,66,1.0,1.0,7.228998651851945e-05,0,True,True,True
571,283,0.9999998211860657,1.0,7.227797554147696e-05,0,True,True,True
572,214,0.10791041702032089,0.05,0.002525087024338635,7,True,True,False
573,34,1.0,1.0,7.228090088190441e-05,0,True,True,True
574,935,0.9999991655349731,1.0,7.231367509477251e-05,0,True,True,True
575,813,1.0,1.0,7.235111783607466e-05,0,True,True,True
576,693,0.33953624963760376,0.25,0.004703753742636021,45,True,True,False
577,65,0.07550052553415298,0.0,0.0012495724392664956,1,True,True,False
578,611,1.0,1.0,7.228279492097469e-05,0,True,True,True
579,730,0.9999999403953552,1.0,7.22801654696281e-05,0,True,True,True
580,704,0.9999988079071045,1.0,7.228895844490508e-05,0,True,True,True
581,700,1.0,1.0,7.228067122058952e-05,0,True,True,True
582,43,0.9999994039535522,1.0,7.229082918878499e-05,0,True,True,True
583,766,0.2384299337863922,0.3,0.0025527987475321076,13,True,True,False
584,23,1.0,1.0,7.228365637334203e-05,0,True,True,True
585,53,0.9999996423721313,1.0,7.228522563926322e-05,0,True,True,True
586,929,0.06633159518241882,0.0,0.0017353173862576785,8,False,True,False
587,405,0.9999999403953552,1.0,7.227647088941357e-05,0,True,True,True
588,842,0.9999995231628418,1.0,7.227700837323059e-05,0,True,True,True
589,591,0.9999982118606567,1.0,7.225694091049327e-05,0,True,True,True
590,649,0.09127003699541092,0.0,0.001675580942813837,5,True,True,False
591,237,0.999999463558197,1.0,7.226799713510175e-05,0,True,True,True
592,951,0.04956516996026039,0.0,0.002127609968835705,5,True,True,False
593,137,0.9999997615814209,1.0,7.228213456500143e-05,0,True,True,True
594,977,0.23159900307655334,0.2,0.0015304307277048484,4,True,True,False
595,233,0.9999998807907104,1.0,7.235514613031787e-05,0,True,True,True
596,814,0.7121013402938843,0.6,0.008018026638498734,74,True,True,False
597,233,0.9999998807907104,1.0,7.235291371579323e-05,0,True,True,True
598,240,0.11016008257865906,0.15,0.002133004283124225,5,True,True,False
599,884,0.11080417782068253,0.1,0.0030440307268635417,14,True,True,False
600,957,0.10191799700260162,0.15,0.0016333053276661928,7,False,True,False
601,838,0.07150919735431671,0.05,0.0020066743796504217,6,False,False,False
602,841,0.9999998807907104,1.0,7.234377746031139e-05,0,True,True,True
603,16,0.9999999403953552,1.0,7.228291618153213e-05,0,True,True,True
604,975,0.9999998807907104,1.0,7.236099684017447e-05,0,True,True,True
605,361,0.09510642290115356,0.1,0.0025060890535000646,8,True,True,False
606,910,0.11495885998010635,0.05,0.0019248622037349393,4,True,True,False
607,23,0.9999999403953552,1.0,7.229281281091493e-05,0,True,True,True
608,475,1.0,1.0,7.228358735645881e-05,0,True,True,True
609,48,1.0,1.0,7.228095912027987e-05,0,True,True,True
610,472,1.0,1.0,7.228218722075318e-05,0,True,True,True
611,58,1.0,1.0,7.228515920407821e-05,0,True,True,True
612,951,0.07065581530332565,0.0,0.0016163252403057877,1,True,True,False
613,67,0.9999999403953552,1.0,7.228892552536733e-05,0,True,True,True
614,23,1.0,1.0,7.228360292251958e-05,0,True,True,True
615,115,1.0,1.0,7.228429254162236e-05,0,True,True,True
616,764,0.08419862389564514,0.0,0.00261664931122828,7,True,True,False
617,197,0.07582096010446548,0.05,0.001320410314157501,1,True,True,False
618,944,0.9999996423721313,1.0,7.228062256778695e-05,0,True,True,True
619,132,0.9999995231628418,1.0,7.228043966166427e-05,0,True,True,True
620,761,0.9999998807907104,1.0,7.227560088960462e-05,0,True,True,True
621,207,0.9999988675117493,1.0,7.236907109869964e-05,0,True,True,True
622,270,0.9999999403953552,1.0,7.23378446847636e-05,0,True,True,True
623,67,1.0,1.0,7.228677897593126e-05,0,True,True,True
624,106,0.9999992847442627,1.0,7.233162540659733e-05,0,True,True,True
625,894,0.0353977233171463,0.2,0.0028129803684045053,13,True,True,False
626,48,1.0,1.0,7.228220068411564e-05,0,True,True,True
627,40,1.0,1.0,7.233287258054153e-05,0,True,True,True
628,60,0.09422177076339722,0.1,0.0027345639319702286,20,True,True,False
629,951,0.056130461394786835,0.0,0.0015560708766934402,2,True,True,False
630,885,0.09535793960094452,0.2,0.0032578768761262543,15,True,True,False
631,682,0.9999999403953552,1.0,7.228851132420404e-05,0,True,True,True
632,306,0.9999995231628418,1.0,7.227515143198893e-05,0,True,True,True
633,48,1.0,1.0,7.228377157831853e-05,0,True,True,True
634,2,1.0,1.0,7.228505986280513e-05,0,True,True,True
635,16,1.0,1.0,7.228739030135965e-05,0,True,True,True
636,197,0.1343439817428589,0.0,0.0012884185420777025,0,True,True,False
637,191,0.10689517855644226,0.15,0.0022170205752760417,11,True,True,False
638,115,1.0,1.0,7.227818146725434e-05,0,True,True,True
639,806,0.1484145075082779,0.0,0.0021820792851118243,11,True,True,False
640,690,0.06802311539649963,0.35,0.0017326537034836548,3,False,True,False
641,296,0.02085588127374649,0.0,0.0038788870132889716,18,True,True,False
642,2,0.9999998807907104,1.0,7.228354976748106e-05,0,True,True,True
643,48,1.0,1.0,7.227942058773665e-05,0,True,True,True
644,931,0.10798792541027069,0.1,0.003228502476147279,8,True,True,False
645,197,0.05379124730825424,0.0,0.001994670557109265,3,True,True,False
646,683,0.9999997019767761,1.0,7.232706001689255e-05,0,True,True,True
647,277,0.9999997019767761,1.0,7.23611594941336e-05,0,True,True,True
648,581,0.9999993443489075,1.0,7.228334449916625e-05,0,True,True,True
649,149,0.9999938607215881,1.0,7.21964193299495e-05,0,True,True,True
650,23,1.0,1.0,7.228111476568222e-05,0,True,True,True
651,464,0.18191754817962646,0.35,0.003184502412153294,15,True,True,False
652,53,1.0,1.0,7.228043593509468e-05,0,True,True,True
653,977,0.7187364101409912,0.35,0.003108078891316184,9,True,True,False
654,16,1.0,1.0,7.228105976286673e-05,0,True,True,True
655,296,0.9509856700897217,0.4,0.0029717746700882773,4,True,True,False
656,89,0.031412772834300995,0.1,0.0016901385398438577,12,True,True,False
657,702,0.09192647784948349,0.1,0.0024398963894058942,14,False,True,False
658,91,0.9999989867210388,1.0,7.229627823754099e-05,0,True,True,True
659,649,0.058550816029310226,0.0,0.0016542116450737599,7,True,True,False
660,239,1.0,1.0,7.227857293340475e-05,0,True,True,True
661,16,1.0,1.0,7.227692080112167e-05,0,True,True,True
662,53,1.0,1.0,7.228198640192776e-05,0,True,True,True
663,197,0.058418046683073044,0.0,0.0020052880357478257,10,True,True,False
664,717,0.9999969601631165,1.0,7.229898767185696e-05,0,True,True,True
665,23,1.0,1.0,7.228144430215755e-05,0,True,True,True
666,951,0.15136872231960297,0.1,0.0005289660090984166,0,True,True,False
667,851,0.9999997019767761,1.0,7.229524385386604e-05,0,True,True,True
668,258,0.15651477873325348,0.2,0.00243025580923051,10,True,True,False
669,198,0.07055337727069855,0.15,0.002270072608617802,2,False,True,False
670,16,1.0,1.0,7.22801606874574e-05,0,True,True,True
671,607,0.9999993443489075,1.0,7.229629865635378e-05,0,True,True,True
672,34,1.0,1.0,7.227721353416341e-05,0,True,True,True
673,225,1.0,1.0,7.228612937743237e-05,0,True,True,True
674,452,0.9999975562095642,1.0,7.227771203997811e-05,0,True,True,True
675,604,0.9999995827674866,1.0,7.235727563678632e-05,0,True,True,True
676,23,1.0,1.0,7.228483195094752e-05,0,True,True,True
677,251,0.999998152256012,1.0,7.23771801215003e-05,0,True,True,True
678,23,1.0,1.0,7.228810476798667e-05,0,True,True,True
679,28,1.0,1.0,7.228184413037122e-05,0,True,True,True
680,707,0.19358697533607483,0.1,0.0025345024284355,5,True,True,False
681,455,0.11301633715629578,0.3,0.002848357292519066,5,True,True,False
682,115,1.0,1.0,7.228969408133587e-05,0,True,True,True
683,40,1.0,1.0,7.232650252042844e-05,0,True,True,True
684,408,0.10349353402853012,0.2,0.003579881980107313,19,True,True,False
685,915,0.0892193391919136,0.3,0.0031749157258567124,11,True,True,False
686,175,0.9999990463256836,1.0,7.232448134898515e-05,0,True,True,True
687,647,0.9999980926513672,1.0,7.236277464779109e-05,0,True,True,True
688,201,0.07924938201904297,0.1,0.002013307382399379,2,True,True,False
689,67,1.0,1.0,7.228101456328831e-05,0,True,True,True
690,640,0.06802311539649963,0.35,0.001553239428357965,2,True,False,False
691,739,0.9999992251396179,1.0,7.234390869784269e-05,0,True,True,True
692,404,0.9999998211860657,1.0,7.228387911490462e-05,0,True,True,True
693,576,0.33953624963760376,0.25,0.002732546581047098,8,True,True,False
694,781,0.11300792545080185,0.2,0.002092989246135434,3,True,True,False
695,160,1.0,1.0,7.228534220236522e-05,0,True,True,True
696,993,0.16249319911003113,0.0,0.002321136590188023,10,True,True,False
697,403,0.9999988675117493,1.0,7.227993435649348e-05,0,True,True,True
698,56,0.9999997615814209,1.0,7.228043391671379e-05,0,True,True,True
699,432,0.9999979138374329,1.0,7.230907634715724e-05,0,True,True,True
700,343,1.0,1.0,7.228067678385845e-05,0,True,True,True
701,340,1.0,1.0,7.227765050287361e-05,0,True,True,True
702,657,0.09192647784948349,0.1,0.0023303088711038606,12,True,False,False
703,816,0.10139739513397217,0.05,0.0026515913844333016,8,True,True,False
704,740,0.9999993443489075,1.0,7.228966418910186e-05,0,True,True,True
705,951,0.07140353322029114,0.0,0.0016270682825701422,2,True,True,False
706,285,0.9999991059303284,1.0,7.230263806811946e-05,0,True,True,True
707,680,0.19358697533607483,0.1,0.002696672170042519,13,True,True,False
708,891,0.9999997615814209,1.0,7.228443278724929e-05,0,True,True,True
709,160,1.0,1.0,7.228531321174517e-05,0,True,True,True
710,540,0.999995768070221,1.0,7.241420611002349e-05,0,True,True,True
711,92,0.9999986886978149,1.0,7.22781208721262e-05,0,True,True,True
712,719,0.08734341710805893,0.1,0.0032653014453390005,12,True,True,False
713,807,0.10896743088960648,0.0,0.001962881863074341,5,False,True,False
714,849,0.9999999403953552,1.0,7.228490658806246e-05,0,True,True,True
715,51,0.20169469714164734,0.2,0.0027535437596746485,13,False,True,False
716,34,1.0,1.0,7.228693284271748e-05,0,True,True,True
717,699,0.9999976754188538,1.0,7.230727424708673e-05,0,True,True,True
718,2,1.0,1.0,7.22818601117514e-05,0,True,True,True
719,437,0.7634464502334595,0.55,0.00409370052315061,15,True,True,False
720,417,0.9999995827674866,1.0,7.229596139501843e-05,0,True,True,True
721,762,0.999995231628418,1.0,7.230707790042036e-05,0,True,True,True
722,47,1.0,1.0,7.228295651113367e-05,0,True,True,True
723,951,0.04260833188891411,0.0,0.0017471422323444754,8,True,True,False
724,596,0.160784050822258,0.3,0.0023934773695195627,7,True,True,False
725,897,0.14699006080627441,0.2,0.002416395413590302,11,True,True,False
726,807,0.9999979138374329,1.0,7.230564029946226e-05,0,True,True,True
727,151,0.9999994039535522,1.0,7.23475104049395e-05,0,True,True,True
728,932,0.9999998807907104,1.0,7.229605183455436e-05,0,True,True,True
729,918,0.9956248998641968,0.25,0.004720714483330245,34,True,True,False
730,35,1.0,1.0,7.227798339515464e-05,0,True,True,True
731,53,1.0,1.0,7.227856643512737e-05,0,True,True,True
732,875,0.11752094328403473,0.1,0.0018569967496606969,0,True,True,False
733,614,0.9999999403953552,1.0,7.228633122399442e-05,0,True,True,True
734,433,0.9999992251396179,1.0,7.227715492454917e-05,0,True,True,True
735,92,0.9999995231628418,1.0,7.228390386071231e-05,0,True,True,True
736,388,0.9999992847442627,1.0,7.226720386407798e-05,0,True,True,True
737,16,1.0,1.0,7.228569719789385e-05,0,True,True,True
738,67,1.0,1.0,7.229076544522454e-05,0,True,True,True
739,238,0.9999999403953552,1.0,7.234292809691671e-05,0,True,True,True
740,399,1.0,1.0,7.228257159339861e-05,0,True,True,True
741,2,1.0,1.0,7.22823705109954e-05,0,True,True,True
742,18,0.9999999403953552,1.0,7.22901892838958e-05,0,True,True,True
743,979,0.04255148395895958,0.0,0.0016404440825699138,4,True,True,False
744,16,1.0,1.0,7.228193882054995e-05,0,True,True,True
745,48,1.0,1.0,7.228127998926671e-05,0,True,True,True
746,53,1.0,1.0,7.228138422402801e-05,0,True,True,True
747,203,0.9999999403953552,1.0,7.228411765586003e-05,0,True,True,True
748,838,0.134233757853508,0.05,0.0019697921488928023,8,True,False,False
749,69,0.034118104726076126,0.0,0.0020436093175403465,8,True,False,False
750,833,0.09002870321273804,0.1,0.001959055487837331,5,True,True,False
751,126,0.051021479070186615,0.25,0.001945377695489276,3,True,True,False
752,229,0.5543476343154907,0.2,0.003924523593122632,27,True,True,False
753,545,0.9999996423721313,1.0,7.229656140007549e-05,0,True,True,True
754,67,1.0,1.0,7.227674137116109e-05,0,True,True,True
755,65,0.12326734513044357,0.0,0.002212452882159183,9,True,True,False
756,344,1.0,1.0,7.228393049659896e-05,0,True,True,True
757,169,1.0,1.0,7.228302803158489e-05,0,True,True,True
758,963,0.9999997019767761,1.0,7.232900158011145e-05,0,True,True,True
759,969,0.9999952912330627,1.0,7.23557698602401e-05,0,True,True,True
760,693,0.12656617164611816,0.1,0.004361467499778948,23,True,True,False
761,638,1.0,1.0,7.228294883242315e-05,0,True,True,True
762,365,0.999998927116394,1.0,7.22980009964171e-05,0,True,True,True
763,796,0.08903098851442337,0.3,0.0015950258018199747,5,True,True,False
764,535,0.4165329039096832,0.3,0.002421826920288203,14,True,True,False
765,559,0.9999999403953552,1.0,7.228270902039865e-05,0,True,True,True
766,583,0.2384299337863922,0.3,0.003111069374967221,17,True,True,False
767,16,1.0,1.0,7.228516509548172e-05,0,True,True,True
768,48,1.0,1.0,7.228037308645232e-05,0,True,True,True
769,988,1.0,1.0,7.228811914462133e-05,0,True,True,True
770,361,0.2797239124774933,0.3,0.002456251280027394,7,True,True,False
771,53,1.0,1.0,7.227777956563593e-05,0,True,True,True
772,382,1.0,1.0,7.227982574646172e-05,0,True,True,True
773,538,0.05226889252662659,0.05,0.0018978422672454,3,True,True,False
774,431,0.9999998807907104,1.0,7.234649162838374e-05,0,True,True,True
775,123,0.9999997019767761,1.0,7.227682170078947e-05,0,True,True,True
776,428,0.9999982118606567,1.0,7.23100393261462e-05,0,True,True,True
777,222,0.2475949227809906,0.35,0.0027622010566876846,13,True,True,False
778,951,0.05156348645687103,0.05,0.003404644087657942,20,True,True,False
779,622,0.9999995231628418,1.0,7.233607756268973e-05,0,True,True,True
780,951,0.11391139030456543,0.05,0.0014918034285050685,1,True,True,False
781,498,0.9971521496772766,0.55,0.004974971419608732,33,True,True,False
782,135,1.0,1.0,7.228259486605913e-05,0,True,True,True
783,169,1.0,1.0,7.228457661235614e-05,0,True,True,True
784,114,0.15676695108413696,0.15,0.003653858599351782,17,True,True,False
785,206,0.3343590795993805,0.25,0.003083611013194522,21,True,True,False
786,457,0.07580341398715973,0.25,0.0033375831497994266,18,True,True,False
787,951,0.06715277582406998,0.0,0.0026959644442342175,6,True,True,False
788,920,0.9999998211860657,1.0,7.227100697116929e-05,0,True,True,True
789,238,1.0,1.0,7.234510732083279e-05,0,True,True,True
790,867,0.9900974631309509,0.35,0.0025888656831624716,3,True,True,False
791,390,0.0761307030916214,0.05,0.002053181477766683,8,False,True,False
792,264,0.9999973177909851,1.0,7.231411109616041e-05,0,True,True,True
793,830,0.9999986886978149,1.0,7.229888970825839e-05,0,True,True,True
794,810,1.0,1.0,7.227636790016724e-05,0,True,True,True
795,204,1.0,1.0,7.228137760029764e-05,0,True,True,True
796,763,0.08903098851442337,0.3,0.0015408286603433802,2,True,True,False
797,508,0.14910182356834412,0.3,0.002548050157845476,12,True,True,False
798,831,0.595704197883606,0.6,0.002075865904832024,10,True,True,False
799,210,0.12634938955307007,0.3,0.0014576786751250878,4,False,False,False
800,163,0.04401906579732895,0.1,0.004982675151646555,31,True,True,False
801,758,0.999997079372406,1.0,7.234346654957496e-05,0,True,True,True
802,951,0.10170567035675049,0.0,0.001751239585598971,3,True,True,False
803,739,0.9999999403953552,1.0,7.234210833923863e-05,0,True,True,True
804,737,1.0,1.0,7.228196544211771e-05,0,True,True,True
805,387,0.9999996423721313,1.0,7.229003233300844e-05,0,True,True,True
806,726,0.9999945759773254,1.0,7.2334455961108e-05,0,True,True,True
807,517,0.9999980330467224,1.0,7.230022445969257e-05,0,True,True,True
808,887,0.029080988839268684,0.1,0.0019240084693460796,7,True,True,False
809,16,1.0,1.0,7.227964373785537e-05,0,True,True,True
810,23,1.0,1.0,7.22790705281545e-05,0,True,True,True
811,853,0.9999995827674866,1.0,7.228357512739853e-05,0,True,True,True
812,514,0.9999997615814209,1.0,7.232138018569453e-05,0,True,True,True
813,575,1.0,1.0,7.235564588575485e-05,0,True,True,True
814,596,0.7121013402938843,0.6,0.0023204449568918193,2,True,True,False
815,187,1.0,1.0,7.228701873767114e-05,0,True,True,True
816,902,0.41446495056152344,0.2,0.005100873997548423,34,True,True,False
817,882,0.999999463558197,1.0,7.228248623665178e-05,0,True,True,True
818,107,0.36153143644332886,0.2,0.003298475916208001,21,True,True,False
819,2,1.0,1.0,7.22819485133626e-05,0,True,True,True
820,722,1.0,1.0,7.22835723172066e-05,0,True,True,True
821,206,0.06316414475440979,0.2,0.0035430877569876404,11,True,True,False
822,5,1.0,1.0,7.228104966432188e-05,0,True,True,True
823,660,0.9999999403953552,1.0,7.227809293964785e-05,0,True,True,True
824,486,0.9999968409538269,1.0,7.239948953195769e-05,0,True,True,True
825,43,0.9999998211860657,1.0,7.228871332020783e-05,0,True,True,True
826,23,1.0,1.0,7.22818252700485e-05,0,True,True,True
827,160,0.9999998807907104,1.0,7.227948537617453e-05,0,True,True,True
828,984,0.9999983906745911,1.0,7.230629987952422e-05,0,True,True,True
829,463,0.1209956482052803,0.1,0.0019866143778608384,5,True,True,False
830,793,0.9999986886978149,1.0,7.228534412993884e-05,0,True,True,True
831,798,0.595704197883606,0.6,0.002081664481829986,11,True,True,False
832,993,0.9999960660934448,1.0,7.245132192105692e-05,0,True,True,True
833,541,0.10465265065431595,0.0,0.0019934993155167205,6,True,True,False
834,312,0.9999999403953552,1.0,7.228806560725891e-05,0,True,True,True
835,91,0.9999990463256836,1.0,7.226684067919174e-05,0,True,True,True
836,125,0.9999986886978149,1.0,7.228149242699936e-05,0,True,True,True
837,368,0.07305511832237244,0.2,0.0016468032380837524,4,True,False,False
838,142,0.18613164126873016,0.0,0.0021529821668450993,6,False,True,False
839,603,0.999998927116394,1.0,7.2271518108769e-05,0,True,True,True
840,302,0.9145787358283997,0.4,0.003051704131107894,25,True,True,False
841,96,1.0,1.0,7.234526273657028e-05,0,True,True,True
842,353,0.9999998807907104,1.0,7.22812327054221e-05,0,True,True,True
843,478,0.9999997615814209,1.0,7.233292038486902e-05,0,True,True,True
844,382,0.9999998807907104,1.0,7.227843643646844e-05,0,True,True,True
845,77,0.9999999403953552,1.0,7.235199892396777e-05,0,True,True,True
846,39,0.16405518352985382,0.1,0.0015220766594726744,4,True,True,False
847,16,1.0,1.0,7.228036824731568e-05,0,True,True,True
848,40,0.9999999403953552,1.0,7.232156559450584e-05,0,True,True,True
849,152,0.9999999403953552,1.0,7.228987199613319e-05,0,True,True,True
850,107,0.0655771791934967,0.35,0.0023287222777531595,4,True,True,False
851,115,0.9999998211860657,1.0,7.22876541033572e-05,0,True,True,True
852,547,0.0548764243721962,0.0,0.0015408814391525264,5,True,True,False
853,768,1.0,1.0,7.22853348033283e-05,0,True,True,True
854,175,0.9999993443489075,1.0,7.23447076926719e-05,0,True,True,True
855,16,1.0,1.0,7.228350903165809e-05,0,True,True,True
856,442,0.9999999403953552,1.0,7.229105804375415e-05,0,True,True,True
857,951,0.09511226415634155,0.05,0.0020122012612998215,6,True,True,False
858,447,0.17870838940143585,0.05,0.002216313866942602,7,True,True,False
859,2,1.0,1.0,7.228249556598112e-05,0,True,True,True
860,455,0.04645933210849762,0.05,0.00449866364122757,29,True,True,False
861,396,1.0,1.0,7.228772404408349e-05,0,True,True,True
862,56,1.0,1.0,7.228311665630167e-05,0,True,True,True
863,921,0.9999997019767761,1.0,7.22748022680783e-05,0,True,True,True
864,951,0.0727565661072731,0.0,0.0014725291174961612,2,True,True,False
865,739,0.9999997615814209,1.0,7.234172040160511e-05,0,True,True,True
866,424,0.9999982714653015,1.0,7.230981342898563e-05,0,True,True,True
867,790,0.9900974631309509,0.35,0.004180510149925307,17,True,True,False
868,783,0.9999995827674866,1.0,7.228651967386878e-05,0,True,True,True
869,123,0.9999999403953552,1.0,7.228502443333578e-05,0,True,True,True
870,212,0.9999998807907104,1.0,7.228262581701618e-05,0,True,True,True
871,266,0.9874868392944336,0.4,0.003952943040303317,30,True,True,False
872,300,0.9999996423721313,1.0,7.227191510453218e-05,0,True,True,True
873,747,0.9999998211860657,1.0,7.229116432714188e-05,0,True,True,True
874,901,0.9999998211860657,1.0,7.228810095592032e-05,0,True,True,True
875,831,0.158015638589859,0.05,0.0027982280444935333,9,True,True,False
876,34,1.0,1.0,7.22827925684191e-05,0,True,True,True
877,522,1.0,1.0,7.228423614376612e-05,0,True,True,True
878,47,1.0,1.0,7.228713844373904e-05,0,True,True,True
879,634,1.0,1.0,7.228737427173713e-05,0,True,True,True
880,169,1.0,1.0,7.227666549424865e-05,0,True,True,True
881,929,0.029750199988484383,0.0,0.0018435745430611995,6,True,True,False
882,16,1.0,1.0,7.22888485407938e-05,0,True,True,True
883,515,0.11495580524206161,0.05,0.002275169309793499,7,True,True,False
884,599,0.11080417782068253,0.1,0.0026869097351700545,11,True,True,False
885,630,0.09535793960094452,0.2,0.003914631983106177,37,True,True,False
886,187,0.9999999403953552,1.0,7.22877969093884e-05,0,True,True,True
887,693,0.182046040892601,0.15,0.0029058874811418328,8,True,True,False
888,371,0.9999967813491821,1.0,7.228762539001012e-05,0,True,True,True
889,23,1.0,1.0,7.228034962387109e-05,0,True,True,True
890,381,0.16970506310462952,0.2,0.0013403827992286654,2,True,True,False
891,317,1.0,1.0,7.22842991366373e-05,0,True,True,True
892,908,0.03673269599676132,0.3,0.002130985787842397,11,True,True,False
893,266,0.9934892058372498,0.6,0.0030733344495265393,10,True,True,False
894,86,0.5810785293579102,0.45,0.002563566633195224,8,True,True,False
895,181,0.9999999403953552,1.0,7.233596550679922e-05,0,True,True,True
896,284,1.0,1.0,7.228241245027276e-05,0,True,True,True
897,725,0.14699006080627441,0.2,0.0017184894425933852,5,True,True,False
898,48,1.0,1.0,7.228097774938096e-05,0,True,True,True
899,858,0.09829676896333694,0.1,0.0019511512916843975,3,True,True,False
900,902,0.21781180799007416,0.25,0.0031283891017381874,6,True,True,False
901,962,1.0,1.0,7.22791461121467e-05,0,True,True,True
902,816,0.41446495056152344,0.2,0.003946686929493936,21,True,True,False
903,23,1.0,1.0,7.228005456054896e-05,0,True,True,True
904,435,0.9999977946281433,1.0,7.228858431602435e-05,0,True,True,True
905,494,0.11356617510318756,0.0,0.0009921789420737073,0,True,True,False
906,48,1.0,1.0,7.228508107851467e-05,0,True,True,True
907,514,0.9999998807907104,1.0,7.232344541520707e-05,0,True,True,True
908,157,0.059270136058330536,0.2,0.0021041112201229013,2,True,True,False
909,908,0.052794937044382095,0.05,0.0019294386358768927,3,True,True,False
910,606,0.11495885998010635,0.05,0.0021231326688931035,4,True,True,False
911,187,1.0,1.0,7.228353216539245e-05,0,True,True,True
912,931,0.05274790897965431,0.05,0.003018812110102533,13,True,True,False
913,6,1.0,1.0,7.235942699998724e-05,0,True,True,True
914,570,0.9999993443489075,1.0,7.229945207665918e-05,0,True,True,True
915,816,0.08983142673969269,0.0,0.003939157080585705,23,True,True,False
916,541,0.06853461265563965,0.0,0.0018436048665562024,4,True,True,False
917,780,0.0609535314142704,0.05,0.0015913194297358783,5,True,True,False
918,729,0.9956248998641968,0.25,0.0053100662740975715,34,True,True,False
919,346,0.12778136134147644,0.15,0.0025238929826860708,11,True,True,False
920,53,1.0,1.0,7.227557098099333e-05,0,True,True,True
921,53,0.9999997615814209,1.0,7.227922999230538e-05,0,True,True,True
922,491,0.13966694474220276,0.2,0.001932545337790389,5,False,False,False
923,17,0.9999984502792358,1.0,7.23770190127943e-05,0,True,True,True
924,23,1.0,1.0,7.228145060776186e-05,0,True,True,True
925,23,1.0,1.0,7.228200985230622e-05,0,True,True,True
926,633,0.9999999403953552,1.0,7.229318677692035e-05,0,True,True,True
927,169,1.0,1.0,7.228077692054826e-05,0,True,True,True
928,393,0.6671855449676514,0.15,0.0026971598074871372,7,True,True,False
929,951,0.7164499759674072,0.15,0.00010444702583096196,0,True,True,False
930,164,1.0,1.0,7.228601762797278e-05,0,True,True,True
931,644,0.10798792541027069,0.1,0.0025293297816697557,5,True,True,False
932,23,1.0,1.0,7.22862755647405e-05,0,True,True,True
933,67,1.0,1.0,7.228207580890674e-05,0,True,True,True
934,16,1.0,1.0,7.22800031695944e-05,0,True,True,True
935,523,0.9999995827674866,1.0,7.2320304808037e-05,0,True,True,True
936,993,0.18164943158626556,0.0,0.002185190894155541,8,True,True,False
937,56,1.0,1.0,7.228400701020245e-05,0,True,True,True
938,23,1.0,1.0,7.228367648962633e-05,0,True,True,True
939,213,1.0,1.0,7.227552321395745e-05,0,True,True,True
940,951,0.04620747268199921,0.0,0.001836537585838568,3,True,True,False
941,649,0.049233030527830124,0.0,0.0016024731654821454,0,True,True,False
942,29,0.9999994039535522,1.0,7.233026041460878e-05,0,True,True,True
943,627,0.9999997019767761,1.0,7.233343278265879e-05,0,True,True,True
944,399,1.0,1.0,7.228450031710586e-05,0,True,True,True
945,67,1.0,1.0,7.228301892899693e-05,0,True,True,True
946,316,0.1777062714099884,0.35,0.002995655961434015,17,True,True,False
947,591,0.9999986290931702,1.0,7.226422872975947e-05,0,True,True,True
948,34,1.0,1.0,7.228454726636662e-05,0,True,True,True
949,365,0.9999973773956299,1.0,7.232456965817654e-05,0,True,True,True
950,596,0.22719447314739227,0.3,0.0033599507192036576,10,True,True,False
951,649,0.8559636473655701,0.2,8.277341592399456e-05,0,True,True,False
952,785,0.04759862646460533,0.15,0.002786209847970221,10,True,True,False
953,907,0.9999989867210388,1.0,7.23262067986033e-05,0,True,True,True
954,621,0.9999968409538269,1.0,7.236526603200083e-05,0,True,True,True
955,951,0.06297215819358826,0.0,0.0019176489556676514,6,True,True,False
956,215,1.0,1.0,7.227921659103596e-05,0,True,True,True
957,600,0.10191799700260162,0.15,0.002278846754734581,14,True,False,False
958,951,0.035645607858896255,0.0,0.0011414261403186875,1,True,True,False
959,726,0.05122016370296478,0.0,0.0019508760471934916,11,True,True,False
960,558,0.11272818595170975,0.1,0.0023860169374810827,4,True,True,False
961,120,0.9813697934150696,0.4,0.0035623968587702418,17,True,True,False
962,34,1.0,1.0,7.228298039900004e-05,0,True,True,True
963,523,0.9999997615814209,1.0,7.232887558380928e-05,0,True,True,True
964,400,0.462135374546051,0.6,0.00330115939922589,8,True,True,False
965,24,1.0,1.0,7.227623258013123e-05,0,True,True,True
966,298,0.9999990463256836,1.0,7.236005472556035e-05,0,True,True,True
967,726,0.16048969328403473,0.05,0.001627855956918417,1,False,True,False
968,197,0.10855190455913544,0.0,0.001621688727769005,4,True,True,False
969,220,0.9999997615814209,1.0,7.234309907380645e-05,0,True,True,True
970,925,0.9999997615814209,1.0,7.228654012463418e-05,0,True,True,True
971,16,1.0,1.0,7.228424637183685e-05,0,True,True,True
972,169,1.0,1.0,7.227971122998099e-05,0,True,True,True
973,414,1.0,1.0,7.228486607645189e-05,0,True,True,True
974,222,0.09814713150262833,0.15,0.0023772170216170914,8,True,True,False
975,207,0.9999998807907104,1.0,7.235887084932275e-05,0,True,True,True
976,510,0.9999999403953552,1.0,7.232207042620442e-05,0,True,True,True
977,653,0.7187364101409912,0.35,0.0001492987413574663,0,True,True,False
978,500,0.9999995231628418,1.0,7.22907727060194e-05,0,True,True,True
979,482,0.9999958872795105,1.0,7.224282980320238e-05,0,True,True,True
980,34,1.0,1.0,7.228237646503636e-05,0,True,True,True
981,667,0.9999996423721313,1.0,7.22896957549807e-05,0,True,True,True
982,67,1.0,1.0,7.228369037036465e-05,0,True,True,True
983,475,1.0,1.0,7.229082099362019e-05,0,True,True,True
984,315,0.9999987483024597,1.0,7.23041882840414e-05,0,True,True,True
985,237,0.9999982714653015,1.0,7.225778838082992e-05,0,True,True,True
986,160,1.0,1.0,7.228123491839708e-05,0,True,True,True
987,16,1.0,1.0,7.227945824183306e-05,0,True,True,True
988,2,1.0,1.0,7.227962833975236e-05,0,True,True,True
989,210,0.1115499958395958,0.15,0.0021671472340209262,4,True,False,False
990,57,0.9999995231628418,1.0,7.227496240520008e-05,0,True,True,True
991,449,0.9999990463256836,1.0,7.228881054452437e-05,0,True,True,True
992,649,0.07296040654182434,0.0,0.0016335000531006924,3,True,True,False
993,832,0.9999960660934448,1.0,7.244672007429081e-05,0,True,True,True
994,627,0.9999999403953552,1.0,7.23395946281911e-05,0,True,True,True
995,49,0.10818294435739517,0.15,0.002718959573191823,6,True,True,False
996,250,0.9999998211860657,1.0,7.228799604076073e-05,0,True,True,True
997,2,1.0,1.0,7.22819412650664e-05,0,True,True,True
998,647,0.9999985694885254,1.0,7.237185018505707e-05,0,True,True,True
999,168,0.13204987347126007,0.0,0.0016974262306952235,4,False,True,False
