topic_a,topic_b,beta_cosine,top20_word_overlap,combined_mean_theta_usage,combined_top1_spectrum_count
2,48,1.0,1.0,0.00014456245832684673,0
2,113,1.0,1.0,0.00014456694235429518,0
2,309,1.0,1.0,0.00014456407790034115,0
2,404,1.0,1.0,0.00014456232079120115,0
2,537,1.0,1.0,0.00014456463778191644,0
2,634,1.0,1.0,0.00014456811700247995,0
2,718,1.0,1.0,0.0001445649172514262,0
2,741,1.0,1.0,0.00014456542765067023,0
2,819,1.0,1.0,0.00014456500565303743,0
2,859,1.0,1.0,0.00014456555270565594,0
2,988,1.0,1.0,0.00014456268547942717,0
2,997,1.0,1.0,0.00014456499840474123,0
5,204,1.0,1.0,0.00014455663760445996,0
5,822,1.0,1.0,0.000144557020236187,0
5,997,1.0,1.0,0.00014455791183693153,0
6,913,1.0,1.0,0.00014472647724588213,0
16,48,1.0,1.0,0.00014456520774691368,0
16,58,1.0,1.0,0.00014456516860296488,0
16,67,1.0,1.0,0.0001445663103723262,0
16,84,1.0,1.0,0.00014456822189542416,0
16,100,1.0,1.0,0.00014456710869698318,0
16,115,1.0,1.0,0.00014456864279884294,0
16,135,1.0,1.0,0.00014457166346765866,0
16,143,1.0,1.0,0.00014456815415541454,0
16,161,1.0,1.0,0.00014456402635641552,0
16,224,1.0,1.0,0.00014456808976904807,0
16,257,1.0,1.0,0.00014457179480621747,0
16,261,1.0,1.0,0.00014457362847948482,0
16,274,1.0,1.0,0.00014457254100848875,0
16,301,1.0,1.0,0.0001445699649609854,0
16,311,1.0,1.0,0.0001445678366179016,0
16,326,1.0,1.0,0.00014457179781262442,0
16,343,1.0,1.0,0.00014457257617038797,0
16,348,1.0,1.0,0.0001445759351460912,0
16,383,1.0,1.0,0.00014456959816847682,0
16,396,1.0,1.0,0.000144571636335797,0
16,526,1.0,1.0,0.00014457085571316464,0
16,529,1.0,1.0,0.00014457016187370363,0
16,537,1.0,1.0,0.00014456738720198338,0
16,551,1.0,1.0,0.00014456477236243678,0
16,555,1.0,1.0,0.0001445656015024894,0
16,635,1.0,1.0,0.0001445731968611014,0
16,654,1.0,1.0,0.00014456686632260848,0
16,661,1.0,1.0,0.00014456272736086342,0
16,670,1.0,1.0,0.00014456596724719915,0
16,737,1.0,1.0,0.0001445715037576356,0
16,744,1.0,1.0,0.00014456774538029168,0
16,767,1.0,1.0,0.00014457097165522346,0
16,809,1.0,1.0,0.0001445654502975971,0
16,822,1.0,1.0,0.00014456685622406363,0
16,847,1.0,1.0,0.00014456617480705742,0
16,855,1.0,1.0,0.00014456931559139985,0
16,859,1.0,1.0,0.00014456830212572285,0
16,882,1.0,1.0,0.00014457465510053555,0
16,934,1.0,1.0,0.00014456580972933614,0
16,971,1.0,1.0,0.0001445700529315786,0
16,987,1.0,1.0,0.0001445652648015748,0
16,997,1.0,1.0,0.00014456774782480814,0
23,31,1.0,1.0,0.00014456552594204034,0
23,34,1.0,1.0,0.0001445679429759242,0
23,48,1.0,1.0,0.0001445620579669209,0
23,53,1.0,1.0,0.00014456333970093769,0
23,67,1.0,1.0,0.00014456316059233344,0
23,113,1.0,1.0,0.00014456654199436936,0
23,129,1.0,1.0,0.00014456879522177523,0
23,143,1.0,1.0,0.00014456500437542177,0
23,164,1.0,1.0,0.0001445696988690479,0
23,169,1.0,1.0,0.0001445646330054518,0
23,179,1.0,1.0,0.00014456572029546383,0
23,184,1.0,1.0,0.00014456780622074515,0
23,196,1.0,1.0,0.00014456688471894627,0
23,217,1.0,1.0,0.00014456168717128198,0
23,252,1.0,1.0,0.00014456555410037803,0
23,257,1.0,1.0,0.0001445686450262247,0
23,279,1.0,1.0,0.000144567467287323,0
23,284,1.0,1.0,0.00014455957573660514,0
23,344,1.0,1.0,0.0001445627850353725,0
23,413,1.0,1.0,0.0001445674084281186,0
23,475,1.0,1.0,0.00014456620556382903,0
23,555,1.0,1.0,0.00014456245172249664,0
23,584,1.0,1.0,0.00014456631315309102,0
23,614,1.0,1.0,0.00014456625970226856,0
23,650,1.0,1.0,0.0001445637715454312,0
23,665,1.0,1.0,0.00014456410108190654,0
23,676,1.0,1.0,0.0001445674887306965,0
23,678,1.0,1.0,0.00014457076154773563,0
23,810,1.0,1.0,0.0001445617273079035,0
23,826,1.0,1.0,0.00014456448204979748,0
23,847,1.0,1.0,0.00014456302502706465,0
23,882,1.0,1.0,0.00014457150532054278,0
23,889,1.0,1.0,0.00014456300640362007,0
23,903,1.0,1.0,0.00014456271134029793,0
23,924,1.0,1.0,0.00014456410738751085,0
23,925,1.0,1.0,0.0001445646666320552,0
23,932,1.0,1.0,0.00014456893234448948,0
23,938,1.0,1.0,0.0001445663332693753,0
23,971,1.0,1.0,0.00014456690315158582,0
23,997,1.0,1.0,0.00014456459804481538,0
24,654,1.0,1.0,0.00014455610231752512,0
24,965,1.0,1.0,0.00014455127513478963,0
27,67,1.0,1.0,0.00014456198345776257,0
27,204,1.0,1.0,0.00014456214667777294,0
28,34,1.0,1.0,0.00014456688606140106,0
28,88,1.0,1.0,0.0001445696511195636,0
28,679,1.0,1.0,0.00014456344399559707,0
28,859,1.0,1.0,0.00014456409543120698,0
34,53,1.0,1.0,0.0001445659691173639,0
34,56,1.0,1.0,0.00014456827786638493,0
34,169,1.0,1.0,0.00014456726242187802,0
34,187,1.0,1.0,0.00014456861406397738,0
34,196,1.0,1.0,0.00014456951413537248,0
34,257,1.0,1.0,0.00014457127444265092,0
34,383,1.0,1.0,0.0001445690778049103,0
34,406,1.0,1.0,0.00014457095530232786,0
34,413,1.0,1.0,0.0001445700378445448,0
34,442,1.0,1.0,0.00014456477225784618,0
34,555,1.0,1.0,0.00014456508113892287,0
34,573,1.0,1.0,0.00014456618707807962,0
34,584,1.0,1.0,0.00014456894256951723,0
34,614,1.0,1.0,0.00014456888911869477,0
34,635,1.0,1.0,0.00014457267649753484,0
34,672,1.0,1.0,0.00014456249973033862,0
34,679,1.0,1.0,0.00014456713032654642,0
34,716,1.0,1.0,0.0001445722190388927,0
34,767,1.0,1.0,0.00014457045129165694,0
34,876,1.0,1.0,0.0001445680787645943,0
34,882,1.0,1.0,0.000144574134736969,0
34,925,1.0,1.0,0.00014456729604848142,0
34,948,1.0,1.0,0.0001445698334625418,0
34,962,1.0,1.0,0.00014456826659517525,0
34,971,1.0,1.0,0.00014456953256801203,0
34,980,1.0,1.0,0.00014456766266121156,0
35,730,1.0,1.0,0.00014456032955272637,0
38,265,1.0,1.0,0.00014456288085591869,0
40,436,1.0,1.0,0.00014466070763366294,0
40,627,1.0,1.0,0.00014466264201359476,0
40,683,1.0,1.0,0.00014465627195348166,0
41,132,1.0,1.0,0.00014456434273895014,0
41,160,1.0,1.0,0.0001445680247528378,0
41,227,1.0,1.0,0.0001445646009495757,0
41,324,1.0,1.0,0.00014456772214391608,0
41,326,1.0,1.0,0.00014456917310722977,0
41,344,1.0,1.0,0.0001445633101099706,0
41,475,1.0,1.0,0.00014456673063842714,0
41,573,1.0,1.0,0.00014456408273625152,0
41,679,1.0,1.0,0.00014456502598471832,0
41,925,1.0,1.0,0.0001445651917066533,0
47,115,1.0,1.0,0.00014456399809630914,0
47,722,1.0,1.0,0.0001445641183683416,0
47,878,1.0,1.0,0.00014456830030094695,0
47,932,1.0,1.0,0.00014456743742194845,0
48,53,1.0,1.0,0.00014456008410836064,0
48,58,1.0,1.0,0.00014455876323039507,0
48,67,1.0,1.0,0.0001445599049997564,0
48,100,1.0,1.0,0.00014456070332441337,0
48,113,1.0,1.0,0.00014456328640179232,0
48,143,1.0,1.0,0.00014456174878284473,0
48,160,1.0,1.0,0.00014456424408566265,0
48,169,1.0,1.0,0.00014456137741287474,0
48,179,1.0,1.0,0.00014456246470288678,0
48,187,1.0,1.0,0.00014456272905497412,0
48,274,1.0,1.0,0.00014456613563591894,0
48,279,1.0,1.0,0.00014456421169474595,0
48,284,1.0,1.0,0.0001445563201440281,0
48,311,1.0,1.0,0.0001445614312453318,0
48,326,1.0,1.0,0.0001445653924400546,0
48,382,1.0,1.0,0.00014455941105832846,0
48,414,1.0,1.0,0.00014456144058113215,0
48,426,1.0,1.0,0.00014455800970633213,0
48,442,1.0,1.0,0.0001445588872488429,0
48,481,1.0,1.0,0.0001445574209633362,0
48,529,1.0,1.0,0.00014456375650113382,0
48,544,1.0,1.0,0.00014456221801546025,0
48,609,1.0,1.0,0.0001445603603074518,0
48,626,1.0,1.0,0.0001445616018712876,0
48,633,1.0,1.0,0.00014456317276549045,0
48,634,1.0,1.0,0.00014456446104997708,0
48,635,1.0,1.0,0.0001445667914885316,0
48,643,1.0,1.0,0.00014455882177490857,0
48,676,1.0,1.0,0.00014456423313811945,0
48,741,1.0,1.0,0.00014456177169816734,0
48,745,1.0,1.0,0.00014456068117643864,0
48,768,1.0,1.0,0.00014455977427362427,0
48,809,1.0,1.0,0.0001445590449250273,0
48,810,1.0,1.0,0.00014455847171532645,0
48,826,1.0,1.0,0.00014456122645722044,0
48,847,1.0,1.0,0.0001445597694344876,0
48,859,1.0,1.0,0.00014456189675315304,0
48,898,1.0,1.0,0.00014456037893655288,0
48,906,1.0,1.0,0.0001445644822656866,0
48,924,1.0,1.0,0.0001445608517949338,0
48,925,1.0,1.0,0.00014456141103947814,0
48,932,1.0,1.0,0.00014456567675191244,0
48,938,1.0,1.0,0.00014456307767679827,0
48,965,1.0,1.0,0.00014455563376730316,0
48,971,1.0,1.0,0.00014456364755900878,0
48,997,1.0,1.0,0.00014456134245223833,0
53,56,1.0,1.0,0.00014456367459139843,0
53,67,1.0,1.0,0.00014456118673377314,0
53,113,1.0,1.0,0.0001445645681358091,0
53,169,1.0,1.0,0.00014456265914689152,0
53,179,1.0,1.0,0.00014456374643690356,0
53,215,1.0,1.0,0.00014455774239643308,0
53,283,1.0,1.0,0.00014455802309229124,0
53,284,1.0,1.0,0.00014455760187804487,0
53,300,1.0,1.0,0.00014456214894819562,0
53,308,1.0,1.0,0.0001445593296614432,0
53,310,1.0,1.0,0.00014455771623399677,0
53,311,1.0,1.0,0.00014456271297934856,0
53,392,1.0,1.0,0.000144562780134052,0
53,404,1.0,1.0,0.000144559946572715,0
53,442,1.0,1.0,0.00014456016898285967,0
53,462,1.0,1.0,0.00014456184561805727,0
53,505,1.0,1.0,0.00014456034463601958,0
53,544,1.0,1.0,0.000144563499749477,0
53,555,1.0,1.0,0.00014456047786393637,0
53,609,1.0,1.0,0.00014456164204146857,0
53,633,1.0,1.0,0.00014456445449950722,0
53,652,1.0,1.0,0.00014456111885628338,0
53,662,1.0,1.0,0.00014456266932311645,0
53,679,1.0,1.0,0.0001445625270515599,0
53,722,1.0,1.0,0.00014456363943232236,0
53,731,1.0,1.0,0.00014455924935631608,0
53,745,1.0,1.0,0.0001445619629104554,0
53,746,1.0,1.0,0.0001445620671452167,0
53,771,1.0,1.0,0.00014455846248682464,0
53,819,1.0,1.0,0.00014456263143455128,0
53,920,1.0,1.0,0.00014455625390218202,0
53,924,1.0,1.0,0.00014456213352895055,0
53,925,1.0,1.0,0.00014456269277349492,0
53,948,1.0,1.0,0.0001445652301875553,0
53,965,1.0,1.0,0.00014455691550131994,0
53,997,1.0,1.0,0.00014456262418625508,0
56,113,1.0,1.0,0.00014456687688483013,0
56,118,1.0,1.0,0.0001445643212888839,0
56,143,1.0,1.0,0.00014456533926588251,0
56,160,1.0,1.0,0.00014456783456870046,0
56,169,1.0,1.0,0.00014456496789591255,0
56,179,1.0,1.0,0.00014456605518592462,0
56,284,1.0,1.0,0.00014455991062706594,0
56,300,1.0,1.0,0.00014456445769721668,0
56,311,1.0,1.0,0.0001445650217283696,0
56,442,1.0,1.0,0.0001445624777318807,0
56,505,1.0,1.0,0.00014456265338504061,0
56,536,1.0,1.0,0.00014456426044330957,0
56,614,1.0,1.0,0.00014456659459272933,0
56,643,1.0,1.0,0.0001445624122579464,0
56,650,1.0,1.0,0.00014456410643589197,0
56,859,1.0,1.0,0.00014456548723619088,0
56,862,1.0,1.0,0.00014456610832651141,0
56,882,1.0,1.0,0.00014457184021100355,0
56,898,1.0,1.0,0.00014456396941959072,0
56,903,1.0,1.0,0.0001445630462307587,0
56,937,1.0,1.0,0.00014456699868041218,0
56,965,1.0,1.0,0.00014455922425034098,0
56,980,1.0,1.0,0.00014456536813524612,0
57,284,1.0,1.0,0.00014455232223718387,0
58,130,1.0,1.0,0.00014456296150892967,0
58,169,1.0,1.0,0.00014456133826892595,0
58,179,1.0,1.0,0.000144562425558938,0
58,187,1.0,1.0,0.00014456268991102532,0
58,252,1.0,1.0,0.00014456225936385222,0
58,274,1.0,1.0,0.00014456609649197017,0
58,284,1.0,1.0,0.00014455628100007933,0
58,442,1.0,1.0,0.0001445588481048941,0
58,462,1.0,1.0,0.0001445605247400917,0
58,611,1.0,1.0,0.00014456452124730136,0
58,679,1.0,1.0,0.00014456120617359434,0
58,722,1.0,1.0,0.00014456231855435682,0
58,746,1.0,1.0,0.00014456074626725113,0
58,819,1.0,1.0,0.00014456131055658574,0
58,847,1.0,1.0,0.0001445597302905388,0
58,934,1.0,1.0,0.00014455936521281753,0
58,997,1.0,1.0,0.00014456130330828954,0
66,160,1.0,1.0,0.00014457272940197983,0
66,196,1.0,1.0,0.0001445721144426864,0
66,225,1.0,1.0,0.0001445732977230649,0
66,317,1.0,1.0,0.00014457913192250196,0
66,396,1.0,1.0,0.0001445737162795444,0
66,413,1.0,1.0,0.00014457263815185873,0
66,570,1.0,1.0,0.0001445778730220086,0
66,614,1.0,1.0,0.0001445714894260087,0
66,679,1.0,1.0,0.00014456973063386034,0
67,87,1.0,1.0,0.00014456952184174065,0
67,100,1.0,1.0,0.00014456180594982587,0
67,103,1.0,1.0,0.00014456460738786745,0
67,113,1.0,1.0,0.00014456438902720484,0
67,129,1.0,1.0,0.0001445666422546107,0
67,169,1.0,1.0,0.00014456248003828727,0
67,187,1.0,1.0,0.00014456383168038662,0
67,204,1.0,1.0,0.00014456117084517926,0
67,261,1.0,1.0,0.0001445683257323275,0
67,300,1.0,1.0,0.00014456196983959137,0
67,306,1.0,1.0,0.00014456758652831015,0
67,311,1.0,1.0,0.00014456253387074431,0
67,382,1.0,1.0,0.00014456051368374095,0
67,392,1.0,1.0,0.00014456260102544774,0
67,442,1.0,1.0,0.00014455998987425542,0
67,448,1.0,1.0,0.00014456873454134247,0
67,475,1.0,1.0,0.0001445640525966645,0
67,507,1.0,1.0,0.00014456240803623028,0
67,544,1.0,1.0,0.00014456332064087274,0
67,570,1.0,1.0,0.0001445704903311039,0
67,614,1.0,1.0,0.000144564106735104,0
67,623,1.0,1.0,0.0001445672827885157,0
67,626,1.0,1.0,0.0001445627044967001,0
67,635,1.0,1.0,0.00014456789411394408,0
67,662,1.0,1.0,0.0001445624902145122,0
67,665,1.0,1.0,0.000144561948114742,0
67,670,1.0,1.0,0.00014456066450004186,0
67,672,1.0,1.0,0.00014455771734674786,0
67,676,1.0,1.0,0.00014456533576353198,0
67,689,1.0,1.0,0.00014456151837587274,0
67,738,1.0,1.0,0.000144571269257809,0
67,741,1.0,1.0,0.00014456287432357983,0
67,746,1.0,1.0,0.00014456188803661245,0
67,754,1.0,1.0,0.00014455724518374553,0
67,809,1.0,1.0,0.00014456014755043981,0
67,889,1.0,1.0,0.00014456085343645552,0
67,903,1.0,1.0,0.0001445605583731334,0
67,925,1.0,1.0,0.00014456251366489067,0
67,933,1.0,1.0,0.0001445625796214912,0
67,937,1.0,1.0,0.0001445645108227869,0
67,945,1.0,1.0,0.00014456352274158136,0
67,965,1.0,1.0,0.0001445567363927157,0
67,982,1.0,1.0,0.0001445641941829491,0
67,987,1.0,1.0,0.00014455996205441752,0
67,997,1.0,1.0,0.00014456244507765083,0
76,377,1.0,1.0,0.00014456850574887656,0
84,100,1.0,1.0,0.00014456371747292385,0
84,203,1.0,1.0,0.00014456305783602905,0
84,283,1.0,1.0,0.000144559755506785,0
84,284,1.0,1.0,0.0001445593342925386,0
84,311,1.0,1.0,0.00014456444539384227,0
84,382,1.0,1.0,0.00014456242520683897,0
84,426,1.0,1.0,0.0001445610238548426,0
84,507,1.0,1.0,0.0001445643195593283,0
84,536,1.0,1.0,0.00014456368410878227,0
84,626,1.0,1.0,0.00014456461601979807,0
84,679,1.0,1.0,0.00014456425946605364,0
84,847,1.0,1.0,0.00014456278358299812,0
84,932,1.0,1.0,0.00014456869090042295,0
85,136,1.0,1.0,0.0001445746413097294,0
85,722,1.0,1.0,0.00014456819883121663,0
87,227,1.0,1.0,0.00014457043712438485,0
87,274,1.0,1.0,0.00014457575247790326,0
87,633,1.0,1.0,0.00014457278960747477,0
87,635,1.0,1.0,0.00014457640833051588,0
87,738,1.0,1.0,0.00014457978347438076,0
87,741,1.0,1.0,0.00014457138854015163,0
87,826,1.0,1.0,0.00014457084329920472,0
96,431,1.0,1.0,0.00014468892213791705,0
96,841,1.0,1.0,0.00014468782346917984,0
100,103,1.0,1.0,0.00014456540571252443,0
100,118,1.0,1.0,0.00014456263175591558,0
100,215,1.0,1.0,0.0001445583616124858,0
100,217,1.0,1.0,0.00014456033252877444,0
100,343,1.0,1.0,0.00014456807174788764,0
100,507,1.0,1.0,0.00014456320636088726,0
100,544,1.0,1.0,0.00014456411896552972,0
100,609,1.0,1.0,0.0001445622612575213,0
100,633,1.0,1.0,0.00014456507371555995,0
100,654,1.0,1.0,0.00014456236190010815,0
100,920,1.0,1.0,0.00014455687311823475,0
103,118,1.0,1.0,0.00014456543319395714,0
103,129,1.0,1.0,0.00014457024201730925,0
103,343,1.0,1.0,0.00014457087318592922,0
103,413,1.0,1.0,0.0001445688552236526,0
103,481,1.0,1.0,0.00014456212335144726,0
103,555,1.0,1.0,0.00014456389851803065,0
103,626,1.0,1.0,0.00014456630425939865,0
103,859,1.0,1.0,0.0001445665991412641,0
103,889,1.0,1.0,0.0001445644531991541,0
103,932,1.0,1.0,0.0001445703791400235,0
103,997,1.0,1.0,0.0001445660448403494,0
105,169,1.0,1.0,0.0001445667977615995,0
105,308,1.0,1.0,0.00014456346827615123,0
105,406,1.0,1.0,0.00014457049064204935,0
105,876,1.0,1.0,0.0001445676141043158,0
112,238,1.0,1.0,0.00014467524842363543,0
113,143,1.0,1.0,0.00014456623281029318,0
113,179,1.0,1.0,0.00014456694873033523,0
113,196,1.0,1.0,0.00014456811315381767,0
113,203,1.0,1.0,0.00014456452771496701,0
113,225,1.0,1.0,0.00014456929643419616,0
113,274,1.0,1.0,0.0001445706196633674,0
113,283,1.0,1.0,0.00014456122538572294,0
113,284,1.0,1.0,0.00014456080417147655,0
113,340,1.0,1.0,0.00014456696571070086,0
113,348,1.0,1.0,0.00014457401380096985,0
113,353,1.0,1.0,0.0001445639144905015,0
113,499,1.0,1.0,0.00014457218062126457,0
113,507,1.0,1.0,0.00014456578943826623,0
113,529,1.0,1.0,0.00014456824052858227,0
113,537,1.0,1.0,0.00014456546585686202,0
113,553,1.0,1.0,0.00014456675940333486,0
113,611,1.0,1.0,0.00014456904441869858,0
113,635,1.0,1.0,0.00014457127551598003,0
113,737,1.0,1.0,0.00014456958241251423,0
113,847,1.0,1.0,0.00014456425346193606,0
113,859,1.0,1.0,0.0001445663807806015,0
113,898,1.0,1.0,0.00014456486296400133,0
113,948,1.0,1.0,0.000144568432480987,0
113,962,1.0,1.0,0.00014456686561362044,0
113,980,1.0,1.0,0.00014456626167965673,0
113,997,1.0,1.0,0.00014456582647968678,0
115,132,1.0,1.0,0.00014456399712370425,0
115,146,1.0,1.0,0.00014456635675623588,0
115,161,1.0,1.0,0.000144561056035775,0
115,204,1.0,1.0,0.00014456350327169602,0
115,217,1.0,1.0,0.00014456186663063423,0
115,312,1.0,1.0,0.00014456619451593905,0
115,348,1.0,1.0,0.0001445729648254507,0
115,358,1.0,1.0,0.00014456310347286098,0
115,375,1.0,1.0,0.00014456805103976478,0
115,392,1.0,1.0,0.0001445649334519645,0
115,403,1.0,1.0,0.00014457096863093057,0
115,551,1.0,1.0,0.00014456180204179626,0
115,611,1.0,1.0,0.00014456799544317942,0
115,615,1.0,1.0,0.00014456712878072357,0
115,626,1.0,1.0,0.00014456503692321685,0
115,635,1.0,1.0,0.00014457022654046088,0
115,638,1.0,1.0,0.00014456101770635556,0
115,661,1.0,1.0,0.00014455975704022288,0
115,665,1.0,1.0,0.00014456428054125876,0
115,672,1.0,1.0,0.00014456004977326462,0
115,682,1.0,1.0,0.00014457253032043707,0
115,722,1.0,1.0,0.00014456579275023488,0
115,822,1.0,1.0,0.0001445638859034231,0
115,889,1.0,1.0,0.00014456318586297232,0
118,160,1.0,1.0,0.00014456617251716486,0
118,169,1.0,1.0,0.00014456330584437696,0
118,225,1.0,1.0,0.00014456674083824993,0
118,274,1.0,1.0,0.00014456806406742116,0
118,311,1.0,1.0,0.000144563359676834,0
118,358,1.0,1.0,0.0001445615968524339,0
118,421,1.0,1.0,0.00014455788137197182,0
118,442,1.0,1.0,0.0001445608156803451,0
118,475,1.0,1.0,0.0001445648784027542,0
118,662,1.0,1.0,0.0001445633160206019,0
118,665,1.0,1.0,0.0001445627739208317,0
118,741,1.0,1.0,0.00014456370012966955,0
118,746,1.0,1.0,0.00014456271384270217,0
118,903,1.0,1.0,0.0001445613841792231,0
118,920,1.0,1.0,0.0001445569005996675,0
118,924,1.0,1.0,0.00014456278022643602,0
118,925,1.0,1.0,0.00014456333947098036,0
118,948,1.0,1.0,0.00014456587688504077,0
118,997,1.0,1.0,0.00014456327088374055,0
129,744,1.0,1.0,0.0001445680772625762,0
129,876,1.0,1.0,0.00014456893101044536,0
130,375,1.0,1.0,0.00014456881426637013,0
130,876,1.0,1.0,0.00014456639203412565,0
132,862,1.0,1.0,0.00014456427754090472,0
132,971,1.0,1.0,0.00014456540725643987,0
135,348,1.0,1.0,0.0001445759854942664,0
135,782,1.0,1.0,0.00014456845177397606,0
137,204,1.0,1.0,0.00014456238518699188,0
141,399,1.0,1.0,0.00014457591098636125,0
143,203,1.0,1.0,0.0001445629900960194,0
143,283,1.0,1.0,0.00014455968776677533,0
143,300,1.0,1.0,0.0001445638136226797,0
143,308,1.0,1.0,0.0001445609943359273,0
143,442,1.0,1.0,0.00014456183365734376,0
143,505,1.0,1.0,0.00014456200931050366,0
143,529,1.0,1.0,0.00014456670290963468,0
143,609,1.0,1.0,0.00014456330671595266,0
143,614,1.0,1.0,0.00014456595051819235,0
143,635,1.0,1.0,0.00014456973789703242,0
143,920,1.0,1.0,0.0001445579185766661,0
143,924,1.0,1.0,0.00014456379820343464,0
143,925,1.0,1.0,0.000144564357447979,0
143,997,1.0,1.0,0.00014456428886073917,0
146,309,1.0,1.0,0.00014456454127780098,0
146,342,1.0,1.0,0.00014457408000231978,0
146,614,1.0,1.0,0.00014456712343965424,0
146,932,1.0,1.0,0.00014456979608187516,0
152,300,1.0,1.0,0.00014456595954078497,0
152,311,1.0,1.0,0.00014456652357193792,0
152,326,1.0,1.0,0.00014457048476666074,0
152,353,1.0,1.0,0.00014456452278965916,0
152,670,1.0,1.0,0.00014456465420123547,0
152,962,1.0,1.0,0.0001445674739127781,0
153,326,1.0,1.0,0.00014457189118106508,0
153,678,1.0,1.0,0.0001445740046961691,0
153,810,1.0,1.0,0.0001445649704563369,0
153,932,1.0,1.0,0.0001445721754929229,0
160,161,1.0,1.0,0.0001445630626951645,0
160,187,1.0,1.0,0.0001445681707662929,0
160,196,1.0,1.0,0.00014456907083768797,0
160,252,1.0,1.0,0.0001445677402191198,0
160,261,1.0,1.0,0.00014457266481823376,0
160,283,1.0,1.0,0.00014456218306959327,0
160,475,1.0,1.0,0.0001445683916825708,0
160,544,1.0,1.0,0.00014456765972677903,0
160,555,1.0,1.0,0.00014456463784123837,0
160,654,1.0,1.0,0.00014456590266135743,0
160,676,1.0,1.0,0.00014456967484943823,0
160,689,1.0,1.0,0.00014456585746177903,0
160,695,1.0,1.0,0.00014457018510085593,0
160,709,1.0,1.0,0.00014457015611023588,0
160,741,1.0,1.0,0.00014456721340948611,0
160,809,1.0,1.0,0.0001445644866363461,0
160,826,1.0,1.0,0.0001445666681685392,0
160,855,1.0,1.0,0.0001445683519301488,0
160,859,1.0,1.0,0.00014456733846447185,0
160,925,1.0,1.0,0.00014456685275079695,0
160,948,1.0,1.0,0.00014456939016485734,0
160,971,1.0,1.0,0.00014456908927032756,0
160,982,1.0,1.0,0.00014456853326885537,0
160,986,1.0,1.0,0.0001445660778168878,0
160,997,1.0,1.0,0.0001445667841635571,0
161,165,1.0,1.0,0.00014455996705727825,0
161,187,1.0,1.0,0.00014456154766447597,0
161,252,1.0,1.0,0.00014456111711730286,0
161,301,1.0,1.0,0.00014456237819791747,0
161,343,1.0,1.0,0.00014456498940731998,0
161,358,1.0,1.0,0.00014455848703043354,0
161,382,1.0,1.0,0.0001445582296678303,0
161,396,1.0,1.0,0.00014456404957272908,0
161,414,1.0,1.0,0.00014456025919063403,0
161,526,1.0,1.0,0.00014456326895009668,0
161,634,1.0,1.0,0.0001445632796594789,0
161,635,1.0,1.0,0.00014456561009803344,0
161,847,1.0,1.0,0.00014455858804398946,0
161,855,1.0,1.0,0.00014456172882833186,0
161,859,1.0,1.0,0.00014456071536265492,0
161,920,1.0,1.0,0.0001445537907776671,0
161,924,1.0,1.0,0.00014455967040443563,0
161,965,1.0,1.0,0.00014455445237680501,0
161,971,1.0,1.0,0.00014456246616851063,0
164,609,1.0,1.0,0.0001445680012095788,0
164,930,1.0,1.0,0.0001445730597172717,0
165,442,1.0,1.0,0.00014456123332227543,0
165,859,1.0,1.0,0.00014456424282658557,0
165,938,1.0,1.0,0.0001445654237502308,0
169,187,1.0,1.0,0.000144565304093505,0
169,204,1.0,1.0,0.00014456264325829764,0
169,252,1.0,1.0,0.00014456487354633186,0
169,257,1.0,1.0,0.00014456796447217854,0
169,265,1.0,1.0,0.00014456272159756977,0
169,279,1.0,1.0,0.00014456678673327683,0
169,281,1.0,1.0,0.00014455801483330302,0
169,308,1.0,1.0,0.00014456062296595734,0
169,311,1.0,1.0,0.00014456400628386267,0
169,392,1.0,1.0,0.00014456407343856612,0
169,421,1.0,1.0,0.00014455852797900048,0
169,442,1.0,1.0,0.00014456146228737377,0
169,475,1.0,1.0,0.00014456552500978286,0
169,526,1.0,1.0,0.0001445670253791257,0
169,536,1.0,1.0,0.00014456324499880266,0
169,544,1.0,1.0,0.00014456479305399112,0
169,615,1.0,1.0,0.00014456626876732518,0
169,635,1.0,1.0,0.00014456936652706246,0
169,689,1.0,1.0,0.00014456299078899112,0
169,716,1.0,1.0,0.0001445689090684203,0
169,757,1.0,1.0,0.0001445650042572877,0
169,783,1.0,1.0,0.00014456655283805897,0
169,876,1.0,1.0,0.00014456476879412192,0
169,880,1.0,1.0,0.00014455864171995146,0
169,920,1.0,1.0,0.00014455754720669615,0
169,925,1.0,1.0,0.00014456398607800902,0
169,927,1.0,1.0,0.00014456275314625108,0
169,933,1.0,1.0,0.00014456405203460955,0
169,972,1.0,1.0,0.0001445616874556838,0
169,982,1.0,1.0,0.00014456566659606744,0
169,987,1.0,1.0,0.00014456143446753587,0
174,353,1.0,1.0,0.00014456422780290357,0
174,526,1.0,1.0,0.00014456924768044537,0
179,225,1.0,1.0,0.00014456847473529066,0
179,300,1.0,1.0,0.00014456452954272179,0
179,301,1.0,1.0,0.00014456722191695854,0
179,343,1.0,1.0,0.00014456983312636108,0
179,382,1.0,1.0,0.0001445630733868714,0
179,404,1.0,1.0,0.0001445623271672412,0
179,426,1.0,1.0,0.00014456167203487504,0
179,462,1.0,1.0,0.0001445642262125834,0
179,507,1.0,1.0,0.00014456496773936073,0
179,526,1.0,1.0,0.00014456811266913778,0
179,553,1.0,1.0,0.00014456593770442933,0
179,771,1.0,1.0,0.00014456084308135078,0
179,847,1.0,1.0,0.00014456343176303055,0
179,855,1.0,1.0,0.00014456657254737295,0
179,882,1.0,1.0,0.00014457191205650868,0
183,308,1.0,1.0,0.00014456054547737265,0
183,358,1.0,1.0,0.00014456216597087787,0
184,307,1.0,1.0,0.00014456918136331712,0
184,526,1.0,1.0,0.00014457019859441907,0
184,810,1.0,1.0,0.00014456421996915066,0
184,971,1.0,1.0,0.00014456939581283302,0
184,997,1.0,1.0,0.00014456709070606257,0
187,204,1.0,1.0,0.000144563994900397,0
187,224,1.0,1.0,0.00014456561107710852,0
187,265,1.0,1.0,0.00014456407323966912,0
187,283,1.0,1.0,0.00014456066803890475,0
187,326,1.0,1.0,0.00014456931912068487,0
187,375,1.0,1.0,0.00014456854266846575,0
187,396,1.0,1.0,0.00014456915764385749,0
187,414,1.0,1.0,0.00014456536726176243,0
187,426,1.0,1.0,0.00014456193638696238,0
187,526,1.0,1.0,0.0001445683770212251,0
187,544,1.0,1.0,0.0001445661446960905,0
187,555,1.0,1.0,0.00014456312281054985,0
187,635,1.0,1.0,0.00014457071816916184,0
187,654,1.0,1.0,0.0001445643876306689,0
187,679,1.0,1.0,0.0001445651719981734,0
187,689,1.0,1.0,0.0001445643424310905,0
187,709,1.0,1.0,0.00014456864107954736,0
187,741,1.0,1.0,0.0001445656983787976,0
187,809,1.0,1.0,0.00014456297160565757,0
187,815,1.0,1.0,0.00014457034660547333,0
187,822,1.0,1.0,0.00014456437753212407,0
187,889,1.0,1.0,0.00014456367749167328,0
187,911,1.0,1.0,0.00014456686003319464,0
187,925,1.0,1.0,0.00014456533772010843,0
187,933,1.0,1.0,0.00014456540367670893,0
187,972,1.0,1.0,0.00014456303909778318,0
187,986,1.0,1.0,0.00014456456278619928,0
196,225,1.0,1.0,0.00014456963915877305,0
196,392,1.0,1.0,0.00014456632515206057,0
196,399,1.0,1.0,0.00014457280213773014,0
196,413,1.0,1.0,0.00014456897958756688,0
196,414,1.0,1.0,0.0001445662673331575,0
196,442,1.0,1.0,0.00014456371400086825,0
196,526,1.0,1.0,0.00014456927709262016,0
196,529,1.0,1.0,0.00014456858325315918,0
196,654,1.0,1.0,0.000144565287702064,0
196,679,1.0,1.0,0.0001445660720695685,0
196,819,1.0,1.0,0.00014456617645255986,0
196,925,1.0,1.0,0.0001445662377915035,0
196,937,1.0,1.0,0.00014456823494939973,0
196,971,1.0,1.0,0.0001445684743110341,0
196,986,1.0,1.0,0.00014456546285759436,0
196,997,1.0,1.0,0.00014456616920426366,0
200,518,1.0,1.0,0.00014457720194243292,0
200,782,1.0,1.0,0.00014457039274318482,0
203,204,1.0,1.0,0.00014456130953294143,0
203,215,1.0,1.0,0.000144557701975591,0
203,283,1.0,1.0,0.00014455798267144917,0
203,326,1.0,1.0,0.0001445666337532293,0
203,383,1.0,1.0,0.0001445644341090817,0
203,413,1.0,1.0,0.00014456539414871622,0
203,414,1.0,1.0,0.00014456268189430685,0
203,442,1.0,1.0,0.0001445601285620176,0
203,505,1.0,1.0,0.0001445603042151775,0
203,507,1.0,1.0,0.00014456254672399246,0
203,670,1.0,1.0,0.00014456080318780404,0
203,689,1.0,1.0,0.00014456165706363492,0
203,722,1.0,1.0,0.0001445635990114803,0
203,745,1.0,1.0,0.00014456192248961332,0
203,771,1.0,1.0,0.00014455842206598257,0
203,809,1.0,1.0,0.000144560286238202,0
203,822,1.0,1.0,0.0001445616921646685,0
203,855,1.0,1.0,0.0001445641515320047,0
203,889,1.0,1.0,0.0001445609921242177,0
203,911,1.0,1.0,0.0001445641746657391,0
203,971,1.0,1.0,0.00014456488887218345,0
203,997,1.0,1.0,0.000144562583765413,0
204,252,1.0,1.0,0.00014456356435322388,0
204,308,1.0,1.0,0.00014455931377284933,0
204,375,1.0,1.0,0.0001445658818332584,0
204,392,1.0,1.0,0.0001445627642454581,0
204,609,1.0,1.0,0.0001445616261528747,0
204,615,1.0,1.0,0.00014456495957421717,0
204,672,1.0,1.0,0.00014455788056675823,0
204,679,1.0,1.0,0.00014456251116296603,0
204,741,1.0,1.0,0.0001445630375435902,0
204,795,1.0,1.0,0.00014456204463289245,0
204,810,1.0,1.0,0.00014455973756074932,0
204,876,1.0,1.0,0.0001445634596010139,0
204,987,1.0,1.0,0.0001445601252744279,0
212,988,1.0,1.0,0.00014456004599686388,0
213,939,1.0,1.0,0.0001445511330137439,0
215,283,1.0,1.0,0.00014455439964634697,0
215,308,1.0,1.0,0.00014455570621549894,0
215,507,1.0,1.0,0.00014455896369889025,0
215,555,1.0,1.0,0.00014455685441799204,0
215,746,1.0,1.0,0.0001445584436992724,0
215,889,1.0,1.0,0.0001445574090991155,0
215,906,1.0,1.0,0.00014456214055375905,0
215,956,1.0,1.0,0.00014455627606628035,0
215,965,1.0,1.0,0.0001445532920553756,0
217,284,1.0,1.0,0.0001445559493483892,0
220,480,1.0,1.0,0.00014468098421103814,0
220,534,1.0,1.0,0.00014468014734285686,0
224,679,1.0,1.0,0.00014456412733967756,0
224,859,1.0,1.0,0.00014456477877528744,0
225,261,1.0,1.0,0.00014457323313931883,0
225,312,1.0,1.0,0.0001445687694964136,0
225,326,1.0,1.0,0.00014457140247245846,0
225,614,1.0,1.0,0.00014456901414209536,0
225,633,1.0,1.0,0.00014456918279789433,0
225,673,1.0,1.0,0.00014457154059700815,0
225,741,1.0,1.0,0.00014456778173057119,0
225,859,1.0,1.0,0.00014456790678555692,0
225,862,1.0,1.0,0.00014456852787587745,0
225,889,1.0,1.0,0.00014456576084344688,0
225,911,1.0,1.0,0.00014456894338496824,0
225,971,1.0,1.0,0.00014456965759141263,0
225,980,1.0,1.0,0.00014456778768461216,0
225,987,1.0,1.0,0.00014456486946140884,0
225,997,1.0,1.0,0.00014456735248464218,0
226,406,1.0,1.0,0.00014456850633428068,0
227,252,1.0,1.0,0.00014456431641585767,0
227,741,1.0,1.0,0.00014456378960622402,0
227,889,1.0,1.0,0.00014456176871909971,0
227,925,1.0,1.0,0.00014456342894753483,0
227,971,1.0,1.0,0.00014456566546706547,0
227,997,1.0,1.0,0.00014456336036029502,0
237,920,1.0,1.0,0.0001445478751768851,0
238,789,1.0,1.0,0.00014468340469262983,0
239,660,1.0,1.0,0.00014455726509615815,0
252,261,1.0,1.0,0.00014457071924037213,0
252,290,1.0,1.0,0.00014456271517991476,0
252,308,1.0,1.0,0.0001445615440608836,0
252,324,1.0,1.0,0.00014456743761019804,0
252,555,1.0,1.0,0.0001445626922633767,0
252,635,1.0,1.0,0.00014457028762198873,0
252,676,1.0,1.0,0.00014456772927157657,0
252,679,1.0,1.0,0.00014456474145100028,0
252,689,1.0,1.0,0.0001445639118839174,0
252,695,1.0,1.0,0.0001445682395229943,0
252,757,1.0,1.0,0.00014456592535221394,0
252,819,1.0,1.0,0.00014456484583399168,0
252,822,1.0,1.0,0.00014456394698495096,0
252,876,1.0,1.0,0.00014456568988904816,0
252,889,1.0,1.0,0.00014456324694450017,0
252,925,1.0,1.0,0.0001445649071729353,0
252,972,1.0,1.0,0.00014456260855061007,0
257,448,1.0,1.0,0.00014457421897523374,0
257,507,1.0,1.0,0.00014456789247012158,0
257,643,1.0,1.0,0.0001445654088342124,0
257,662,1.0,1.0,0.0001445679746484035,0
257,673,1.0,1.0,0.0001445721176239081,0
257,716,1.0,1.0,0.0001445729210891932,0
257,903,1.0,1.0,0.0001445660428070247,0
257,925,1.0,1.0,0.00014456799809878197,0
257,997,1.0,1.0,0.00014456792951154213,0
261,301,1.0,1.0,0.00014457198032098674,0
261,544,1.0,1.0,0.00014457063874803136,0
261,559,1.0,1.0,0.0001445710584377982,0
261,676,1.0,1.0,0.0001445726538706906,0
261,679,1.0,1.0,0.00014456966605011428,0
261,722,1.0,1.0,0.00014457077843087673,0
261,876,1.0,1.0,0.00014457061448816216,0
261,971,1.0,1.0,0.0001445720682915799,0
261,980,1.0,1.0,0.00014457019838477942,0
261,997,1.0,1.0,0.00014456976318480945,0
265,555,1.0,1.0,0.00014456054031461462,0
265,819,1.0,1.0,0.00014456269388522954,0
265,930,1.0,1.0,0.00014456676299983974,0
265,997,1.0,1.0,0.00014456268663693334,0
274,283,1.0,1.0,0.0001445640746198496,0
274,307,1.0,1.0,0.00014457076637106796,0
274,326,1.0,1.0,0.0001445727257016297,0
274,343,1.0,1.0,0.00014457350405939324,0
274,426,1.0,1.0,0.0001445653429679072,0
274,472,1.0,1.0,0.00014457061398748017,0
274,475,1.0,1.0,0.0001445702832328271,0
274,507,1.0,1.0,0.0001445686386723929,0
274,537,1.0,1.0,0.00014456831509098865,0
274,555,1.0,1.0,0.00014456652939149467,0
274,570,1.0,1.0,0.00014457672096726646,0
274,573,1.0,1.0,0.00014456763533065144,0
274,614,1.0,1.0,0.00014457033737126662,0
274,633,1.0,1.0,0.00014457050602706555,0
274,737,1.0,1.0,0.00014457243164664089,0
274,741,1.0,1.0,0.00014456910495974244,0
274,767,1.0,1.0,0.00014457189954422873,0
274,815,1.0,1.0,0.00014457375318641818,0
274,906,1.0,1.0,0.00014457181552726168,0
274,911,1.0,1.0,0.00014457026661413946,0
274,925,1.0,1.0,0.00014456874430105325,0
274,932,1.0,1.0,0.00014457301001348754,0
274,956,1.0,1.0,0.000144565951039783,0
279,311,1.0,1.0,0.00014456684056573388,0
279,358,1.0,1.0,0.00014456507774133375,0
279,472,1.0,1.0,0.00014456869004630715,0
279,555,1.0,1.0,0.00014456460545032168,0
279,570,1.0,1.0,0.00014457479702609347,0
279,584,1.0,1.0,0.00014456846688091604,0
279,626,1.0,1.0,0.00014456701119168965,0
279,662,1.0,1.0,0.00014456679690950176,0
279,695,1.0,1.0,0.0001445701527099392,0
279,822,1.0,1.0,0.00014456586017189588,0
279,859,1.0,1.0,0.00014456730607355513,0
279,903,1.0,1.0,0.00014456486506812295,0
279,920,1.0,1.0,0.00014456038148856734,0
281,442,1.0,1.0,0.00014455552466927118,0
283,344,1.0,1.0,0.00014455746842672608,0
283,442,1.0,1.0,0.00014455682623277353,0
283,537,1.0,1.0,0.00014455892081334417,0
283,544,1.0,1.0,0.00014456015699939088,0
283,555,1.0,1.0,0.00014455713511385022,0
283,633,1.0,1.0,0.0001445611117494211,0
283,643,1.0,1.0,0.00014455676075883923,0
283,722,1.0,1.0,0.00014456029668223624,0
283,741,1.0,1.0,0.00014455971068209797,0
283,815,1.0,1.0,0.0001445643589087737,0
283,847,1.0,1.0,0.00014455770841841824,0
283,925,1.0,1.0,0.0001445593500234088,0
283,934,1.0,1.0,0.00014455734334069696,0
283,939,1.0,1.0,0.00014455286338506,0
283,965,1.0,1.0,0.0001445535727512338,0
284,300,1.0,1.0,0.0001445583849838631,0
284,343,1.0,1.0,0.0001445636885675024,0
284,344,1.0,1.0,0.0001445570472124797,0
284,382,1.0,1.0,0.00014455692882801272,0
284,383,1.0,1.0,0.00014456071056559124,0
284,392,1.0,1.0,0.00014455901616971948,0
284,442,1.0,1.0,0.00014455640501852713,0
284,529,1.0,1.0,0.00014456127427081805,0
284,633,1.0,1.0,0.0001445606905351747,0
284,643,1.0,1.0,0.00014455633954459283,0
284,665,1.0,1.0,0.00014455836325901372,0
284,679,1.0,1.0,0.0001445587630872274,0
284,810,1.0,1.0,0.00014455598948501068,0
284,896,1.0,1.0,0.00014455933140712895,0
284,920,1.0,1.0,0.0001445524899378495,0
284,925,1.0,1.0,0.0001445589288091624,0
284,938,1.0,1.0,0.0001445605954464825,0
284,980,1.0,1.0,0.00014455929542189254,0
290,679,1.0,1.0,0.0001445616619896569,0
290,744,1.0,1.0,0.00014456175667983565,0
300,536,1.0,1.0,0.00014456273480010676,0
300,679,1.0,1.0,0.00014456331015737814,0
300,767,1.0,1.0,0.00014456663112248863,0
300,859,1.0,1.0,0.00014456396159298805,0
300,903,1.0,1.0,0.0001445615205875559,0
300,938,1.0,1.0,0.00014456514251663324,0
300,962,1.0,1.0,0.00014456444642600697,0
300,997,1.0,1.0,0.00014456340729207334,0
301,375,1.0,1.0,0.00014456937320190725,0
301,442,1.0,1.0,0.00014456364446291463,0
301,526,1.0,1.0,0.0001445692075546666,0
301,609,1.0,1.0,0.00014456511752152353,0
301,767,1.0,1.0,0.00014456932349672538,0
301,819,1.0,1.0,0.0001445661069146063,0
301,882,1.0,1.0,0.0001445730069420375,0
301,889,1.0,1.0,0.00014456450802511478,0
301,925,1.0,1.0,0.0001445661682535499,0
306,676,1.0,1.0,0.00014457191466667323,0
307,544,1.0,1.0,0.00014456684875060926,0
307,932,1.0,1.0,0.00014457030748706145,0
307,948,1.0,1.0,0.00014456857918868757,0
307,971,1.0,1.0,0.0001445682782941578,0
308,392,1.0,1.0,0.00014456074395311782,0
308,529,1.0,1.0,0.00014456300205421642,0
308,559,1.0,1.0,0.00014456188325830967,0
308,679,1.0,1.0,0.00014456049087062573,0
308,810,1.0,1.0,0.00014455771726840902,0
308,876,1.0,1.0,0.0001445614393086736,0
308,889,1.0,1.0,0.00014455899636412563,0
308,937,1.0,1.0,0.00014456265375045697,0
308,971,1.0,1.0,0.00014456289311209138,0
308,997,1.0,1.0,0.00014456058800532093,0
309,505,1.0,1.0,0.0001445606824754972,0
309,673,1.0,1.0,0.0001445671501380987,0
309,847,1.0,1.0,0.000144561389007982,0
310,404,1.0,1.0,0.00014455629696433442,0
311,358,1.0,1.0,0.00014456229729191961,0
311,392,1.0,1.0,0.00014456412727102317,0
311,442,1.0,1.0,0.00014456151611983082,0
311,462,1.0,1.0,0.00014456319275502841,0
311,551,1.0,1.0,0.0001445609958608549,0
311,626,1.0,1.0,0.0001445642307422755,0
311,643,1.0,1.0,0.0001445614506458965,0
311,689,1.0,1.0,0.00014456304462144817,0
311,716,1.0,1.0,0.00014456896290087733,0
311,889,1.0,1.0,0.00014456237968203095,0
311,920,1.0,1.0,0.0001445576010391532,0
311,965,1.0,1.0,0.0001445582626382911,0
311,980,1.0,1.0,0.0001445644065231962,0
311,997,1.0,1.0,0.00014456397132322626,0
312,405,1.0,1.0,0.0001445708176924299,0
312,679,1.0,1.0,0.00014456520240720906,0
312,730,1.0,1.0,0.00014456134167199248,0
312,986,1.0,1.0,0.00014456459319523492,0
317,385,1.0,1.0,0.0001445823608110055,0
317,678,1.0,1.0,0.0001445793501869995,0
317,815,1.0,1.0,0.00014457826415668396,0
317,891,1.0,1.0,0.00014457554455565012,0
326,396,1.0,1.0,0.00014457182102893795,0
326,460,1.0,1.0,0.0001445677659374731,0
326,507,1.0,1.0,0.00014456789547652853,0
326,544,1.0,1.0,0.000144568808081171,0
326,555,1.0,1.0,0.00014456578619563034,0
326,609,1.0,1.0,0.00014456695037316254,0
326,623,1.0,1.0,0.00014457277022881393,0
326,626,1.0,1.0,0.00014456819193699833,0
326,633,1.0,1.0,0.0001445697628312012,0
326,635,1.0,1.0,0.00014457338155424233,0
326,678,1.0,1.0,0.00014457409602086933,0
326,809,1.0,1.0,0.00014456563499073803,0
326,876,1.0,1.0,0.00014456878382130178,0
326,925,1.0,1.0,0.0001445680011051889,0
326,962,1.0,1.0,0.00014456897165188273,0
326,997,1.0,1.0,0.00014456793251794908,0
340,555,1.0,1.0,0.00014456287543882814,0
340,673,1.0,1.0,0.00014456920987351282,0
340,701,1.0,1.0,0.0001445607309989541,0
340,737,1.0,1.0,0.0001445687776939743,0
340,741,1.0,1.0,0.00014456545100707585,0
340,862,1.0,1.0,0.00014456619715238215,0
340,889,1.0,1.0,0.00014456343011995154,0
340,948,1.0,1.0,0.00014456762776244707,0
340,980,1.0,1.0,0.00014456545696111682,0
342,633,1.0,1.0,0.00014457433106350367,0
343,396,1.0,1.0,0.0001445725993867015,0
343,507,1.0,1.0,0.00014456867383429205,0
343,623,1.0,1.0,0.00014457354858657748,0
343,626,1.0,1.0,0.00014456897029476186,0
343,633,1.0,1.0,0.00014457054118896474,0
343,654,1.0,1.0,0.00014456782937351294,0
343,689,1.0,1.0,0.00014456778417393451,0
343,700,1.0,1.0,0.00014456744639450465,0
343,722,1.0,1.0,0.00014456972612177988,0
343,767,1.0,1.0,0.00014457193470612795,0
343,859,1.0,1.0,0.00014456926517662734,0
344,662,1.0,1.0,0.0001445621146575513,0
344,700,1.0,1.0,0.00014456080503948197,0
344,741,1.0,1.0,0.00014456249876661892,0
344,756,1.0,1.0,0.00014456405875222248,0
344,925,1.0,1.0,0.00014456213810792976,0
344,980,1.0,1.0,0.0001445625047206599,0
348,722,1.0,1.0,0.00014457308509748315,0
348,782,1.0,1.0,0.0001445727234524086,0
351,822,1.0,1.0,0.00014456845956777953,0
353,553,1.0,1.0,0.00014456290346459558,0
353,555,1.0,1.0,0.00014455982421862878,0
353,938,1.0,1.0,0.00014456370576550746,0
358,383,1.0,1.0,0.00014456405884249484,0
358,421,1.0,1.0,0.00014455681898705743,0
358,526,1.0,1.0,0.00014456531638718266,0
358,551,1.0,1.0,0.00014455923303645482,0
358,678,1.0,1.0,0.00014456837200174644,0
358,689,1.0,1.0,0.00014456128179704807,0
358,847,1.0,1.0,0.00014456063548107543,0
358,876,1.0,1.0,0.00014456305980217884,0
358,925,1.0,1.0,0.000144562277086066,0
358,980,1.0,1.0,0.00014456264369879613,0
372,534,1.0,1.0,0.00014466518240788717,0
372,683,1.0,1.0,0.00014465438284810335,0
375,932,1.0,1.0,0.00014457149036540407,0
377,382,1.0,1.0,0.0001445630430653047,0
377,426,1.0,1.0,0.00014456164171330833,0
377,472,1.0,1.0,0.0001445669127328813,0
377,670,1.0,1.0,0.00014456319388160555,0
377,678,1.0,1.0,0.00014457113796213482,0
382,413,1.0,1.0,0.00014456476151952612,0
382,442,1.0,1.0,0.0001445594959328275,0
382,460,1.0,1.0,0.00014456178455574695,0
382,529,1.0,1.0,0.0001445643651851184,0
382,643,1.0,1.0,0.0001445594304588932,0
382,741,1.0,1.0,0.00014456238038215193,0
382,771,1.0,1.0,0.00014455778943679246,0
382,772,1.0,1.0,0.00014455983561761823,0
382,859,1.0,1.0,0.00014456250543713766,0
382,925,1.0,1.0,0.00014456201972346276,0
382,938,1.0,1.0,0.00014456368636078286,0
382,962,1.0,1.0,0.00014456299027015655,0
382,997,1.0,1.0,0.00014456195113622292,0
383,722,1.0,1.0,0.00014456674811986873,0
385,531,1.0,1.0,0.00014457631920037736,0
385,562,1.0,1.0,0.0001445781108536283,0
392,434,1.0,1.0,0.00014456121951189626,0
392,475,1.0,1.0,0.00014456564599694337,0
392,555,1.0,1.0,0.00014456189215561097,0
392,611,1.0,1.0,0.0001445672564169415,0
392,672,1.0,1.0,0.0001445593107470267,0
392,679,1.0,1.0,0.00014456394134323451,0
392,757,1.0,1.0,0.0001445651252444482,0
392,822,1.0,1.0,0.00014456314687718517,0
392,876,1.0,1.0,0.0001445648897812824,0
392,889,1.0,1.0,0.00014456244683673438,0
392,898,1.0,1.0,0.00014456307496224426,0
392,933,1.0,1.0,0.00014456417302177005,0
396,413,1.0,1.0,0.0001445705814244249,0
396,426,1.0,1.0,0.00014456443829521546,0
396,442,1.0,1.0,0.00014456531583772623,0
396,460,1.0,1.0,0.00014456760446064572,0
396,472,1.0,1.0,0.00014456970931478843,0
396,475,1.0,1.0,0.00014456937856013535,0
396,507,1.0,1.0,0.00014456773399970115,0
396,526,1.0,1.0,0.0001445708789294782,0
396,544,1.0,1.0,0.0001445686466043436,0
396,614,1.0,1.0,0.00014456943269857488,0
396,623,1.0,1.0,0.00014457260875198655,0
396,635,1.0,1.0,0.00014457322007741495,0
396,695,1.0,1.0,0.0001445711719784205,0
396,722,1.0,1.0,0.00014456878628718895,0
396,819,1.0,1.0,0.0001445677782894179,0
396,859,1.0,1.0,0.0001445683253420364,0
396,861,1.0,1.0,0.00014457355382013878,0
396,889,1.0,1.0,0.0001445661793999264,0
396,932,1.0,1.0,0.0001445721053407958,0
396,938,1.0,1.0,0.0001445695062656816,0
396,962,1.0,1.0,0.00014456881017505533,0
396,965,1.0,1.0,0.0001445620623561865,0
399,448,1.0,1.0,0.00014457680492729088,0
