topic_id,eligible,associated_spectra,associated_molecules,sos
0,True,4,4,0.6794871794871795
1,True,6,6,0.7000000000000001
2,False,0,0,
3,True,1,1,0.54
4,True,4,4,0.6413043478260869
5,False,0,0,
6,False,0,0,
7,False,0,0,
8,True,2,2,0.5564516129032258
9,False,0,0,
10,True,3,3,0.6833333333333332
11,True,2,2,0.5
12,False,0,0,
13,False,0,0,
14,False,0,0,
15,False,0,0,
16,False,0,0,
17,False,0,0,
18,False,0,0,
19,False,0,0,
20,False,0,0,
21,True,1,1,1.0
22,False,0,0,
23,False,0,0,
24,False,0,0,
25,True,1,1,0.7833333333333333
26,True,5,5,0.5743589743589743
27,False,0,0,
28,False,0,0,
29,False,0,0,
30,True,9,8,0.686619718309859
31,False,0,0,
32,False,0,0,
33,False,0,0,
34,False,0,0,
35,False,0,0,
36,False,0,0,
37,False,0,0,
38,False,0,0,
39,True,1,1,0.625
40,False,0,0,
41,False,0,0,
42,False,4,4,
43,False,0,0,
44,False,0,0,
45,True,1,1,0.4772727272727273
46,True,2,2,0.75
47,False,0,0,
48,False,0,0,
49,True,6,6,0.8157894736842105
50,True,4,4,0.668918918918919
51,True,7,7,0.5812807881773399
52,False,0,0,
53,False,0,0,
54,True,7,7,0.8035714285714286
55,False,0,0,
56,False,0,0,
57,False,0,0,
58,False,0,0,
59,False,0,0,
60,False,0,0,
61,False,0,0,
62,True,1,1,0.6571428571428571
63,False,0,0,
64,False,0,0,
65,False,0,0,
66,False,0,0,
67,False,0,0,
68,False,0,0,
69,False,0,0,
70,False,0,0,
71,False,0,0,
72,False,0,0,
73,False,0,0,
74,True,2,2,0.75
75,True,9,9,0.6783625730994152
76,False,0,0,
77,False,0,0,
78,False,0,0,
79,False,0,0,
80,True,18,18,0.7777777777777778
81,False,0,0,
82,False,1,1,
83,True,1,1,0.7962962962962963
84,False,0,0,
85,False,0,0,
86,True,22,22,0.6146245059288536
87,False,0,0,
88,False,0,0,
89,True,2,2,0.5166666666666666
90,False,0,0,
91,False,0,0,
92,False,0,0,
93,False,0,0,
94,True,10,10,0.6476923076923078
95,True,1,1,0.3968253968253968
96,False,0,0,
97,False,0,0,
98,False,0,0,
99,False,0,0,
100,False,0,0,
101,False,0,0,
102,True,9,9,0.769392033542977
103,False,0,0,
104,True,4,4,0.763888888888889
105,False,0,0,
106,False,0,0,
107,True,6,6,0.6
108,False,0,0,
109,True,11,11,0.6569468267581475
110,False,0,0,
111,False,0,0,
112,False,0,0,
113,False,0,0,
114,True,4,4,0.60546875
115,False,0,0,
116,False,0,0,
117,True,3,3,0.595959595959596
118,False,0,0,
119,True,2,2,0.6428571428571428
120,True,2,2,0.5263157894736842
121,True,1,1,0.7631578947368421
122,True,7,7,0.6258503401360545
123,False,0,0,
124,True,8,8,0.6875
125,False,0,0,
126,True,27,27,0.874074074074074
127,False,0,0,
128,False,0,0,
129,False,0,0,
130,False,0,0,
131,True,4,4,0.6190476190476191
132,False,0,0,
133,True,31,31,0.7849462365591399
134,True,2,2,0.8604651162790697
135,False,0,0,
136,False,0,0,
137,False,0,0,
138,False,1,1,
139,True,3,3,0.7320261437908497
140,False,0,0,
141,False,0,0,
142,False,0,0,
143,False,0,0,
144,False,0,0,
145,True,4,4,0.5202702702702703
146,False,0,0,
147,False,0,0,
148,False,3,3,
149,False,0,0,
150,True,2,2,0.5909090909090908
151,False,0,0,
152,False,0,0,
153,False,0,0,
154,True,7,7,0.6530612244897959
155,False,3,3,
156,True,29,29,0.43563218390804603
157,False,0,0,
158,False,0,0,
159,True,5,5,0.43728813559322033
160,False,0,0,
161,False,0,0,
162,False,0,0,
163,True,4,4,0.6793478260869565
164,False,0,0,
165,False,0,0,
166,True,1,1,0.6818181818181818
167,True,6,6,0.5690476190476191
168,False,0,0,
169,False,0,0,
170,False,0,0,
171,False,0,0,
172,True,3,3,0.8066666666666666
173,False,0,0,
174,False,0,0,
175,False,0,0,
176,True,11,11,0.5090909090909091
177,True,12,11,0.5297805642633229
178,False,0,0,
179,False,0,0,
180,True,2,2,0.75
181,False,0,0,
182,False,0,0,
183,False,0,0,
184,False,0,0,
185,False,0,0,
186,False,0,0,
187,False,0,0,
188,False,0,0,
189,True,33,33,0.5651515151515151
190,False,0,0,
191,True,7,7,0.632967032967033
192,False,0,0,
193,True,5,5,0.654054054054054
194,False,0,0,
195,False,0,0,
196,False,0,0,
197,False,0,0,
198,False,0,0,
199,True,11,11,0.6732186732186732
200,False,0,0,
201,True,2,2,0.9444444444444444
202,True,1,1,0.6349206349206349
203,False,0,0,
204,False,0,0,
205,False,0,0,
206,True,2,2,0.6515151515151516
207,False,0,0,
208,True,5,5,0.674074074074074
209,False,0,0,
210,False,2,2,
211,True,4,4,0.6507936507936508
212,False,0,0,
213,False,0,0,
214,True,1,1,1.0
215,False,0,0,
216,False,0,0,
217,False,0,0,
218,False,0,0,
219,True,10,10,0.9142857142857143
220,False,0,0,
221,False,0,0,
222,True,10,10,0.6245283018867924
223,False,0,0,
224,False,0,0,
225,False,0,0,
226,False,0,0,
227,False,0,0,
228,True,4,4,0.6339285714285714
229,True,18,18,0.6155913978494624
230,False,0,0,
231,False,0,0,
232,False,0,0,
233,False,0,0,
234,True,46,46,0.535232383808096
235,False,0,0,
236,True,1,1,0.3783783783783784
237,False,0,0,
238,False,0,0,
239,False,0,0,
240,True,10,10,0.74
241,True,11,11,0.8727272727272727
242,True,6,6,0.7407407407407408
243,True,6,6,0.6441441441441442
244,False,0,0,
245,False,0,0,
246,True,11,11,0.5892255892255892
247,True,1,1,0.5862068965517241
248,False,0,0,
249,True,2,2,0.5178571428571429
250,False,0,0,
251,False,0,0,
252,False,0,0,
253,False,0,0,
254,False,0,0,
255,False,0,0,
256,True,20,20,0.5675675675675675
257,False,0,0,
258,True,9,9,0.7350427350427351
259,False,0,0,
260,False,0,0,
261,False,0,0,
262,False,0,0,
263,True,4,4,0.5729166666666666
264,False,0,0,
265,False,0,0,
266,True,9,9,0.6765873015873015
267,True,1,1,0.52
268,False,0,0,
269,False,0,0,
270,False,0,0,
271,True,38,34,0.9455882352941176
272,False,0,0,
273,True,2,2,0.8125
274,False,0,0,
275,True,1,1,0.8363636363636363
276,False,0,0,
277,False,0,0,
278,False,0,0,
279,False,0,0,
280,True,9,9,0.5859969558599696
281,False,0,0,
282,False,0,0,
283,False,0,0,
284,False,0,0,
285,False,0,0,
286,False,0,0,
287,True,1,1,0.6590909090909091
288,True,4,4,0.8146551724137931
289,False,0,0,
290,False,0,0,
291,False,0,0,
292,False,0,0,
293,False,0,0,
294,False,0,0,
295,True,5,5,0.6048780487804879
296,True,12,12,0.4606918238993711
297,False,0,0,
298,False,0,0,
299,True,13,13,0.4523076923076923
300,False,0,0,
301,False,0,0,
302,False,0,0,
303,True,3,3,0.8333333333333334
304,False,0,0,
305,False,0,0,
306,False,0,0,
307,False,0,0,
308,False,0,0,
309,False,0,0,
310,False,0,0,
311,False,0,0,
312,False,0,0,
313,False,0,0,
314,False,0,0,
315,False,0,0,
316,True,1,1,0.7796610169491526
317,False,0,0,
318,False,0,0,
319,True,1,1,0.696969696969697
320,True,2,2,0.7857142857142857
321,False,0,0,
322,True,3,3,0.5583333333333332
323,True,8,8,0.734375
324,False,0,0,
325,False,0,0,
326,False,0,0,
327,True,1,1,0.5694444444444444
328,False,0,0,
329,False,0,0,
330,True,4,4,0.6508620689655172
331,True,2,2,0.54
332,False,0,0,
333,True,2,2,0.6956521739130435
334,True,1,1,0.7619047619047619
335,False,0,0,
336,False,0,0,
337,False,0,0,
338,True,8,7,0.46875
339,True,3,3,0.7142857142857144
340,False,0,0,
341,False,0,0,
342,False,0,0,
343,False,0,0,
344,False,0,0,
345,False,0,0,
346,True,1,1,0.5882352941176471
347,False,0,0,
348,False,0,0,
349,True,3,3,0.7400000000000001
350,True,2,2,0.5952380952380952
351,False,0,0,
352,True,24,23,0.8695652173913043
353,False,0,0,
354,False,0,0,
355,False,0,0,
356,False,0,0,
357,True,1,1,0.27586206896551724
358,False,0,0,
359,False,0,0,
360,False,0,0,
361,True,7,7,0.7669172932330827
362,False,0,0,
363,False,0,0,
364,True,4,4,0.7777777777777777
365,False,0,0,
366,True,19,19,0.774671052631579
367,False,0,0,
368,False,1,1,
369,False,0,0,
370,False,0,0,
371,False,0,0,
372,False,0,0,
373,False,0,0,
374,False,0,0,
375,False,0,0,
376,False,0,0,
377,False,0,0,
378,True,5,5,0.7384615384615384
379,False,0,0,
380,False,0,0,
381,True,1,1,0.5
382,False,0,0,
383,False,0,0,
384,False,0,0,
385,False,0,0,
386,False,0,0,
387,False,0,0,
388,False,0,0,
389,False,0,0,
390,True,4,4,0.6527777777777778
391,True,1,1,0.7777777777777778
392,False,0,0,
393,True,6,6,0.4327956989247312
394,False,0,0,
395,False,0,0,
396,False,0,0,
397,True,2,2,0.5
398,True,1,1,0.3333333333333333
399,False,0,0,
400,True,53,51,0.7510173880873104
401,False,0,0,
402,True,4,4,0.6875
403,False,0,0,
404,False,0,0,
405,False,0,0,
406,False,0,0,
407,False,0,0,
408,True,2,2,0.52
409,True,1,1,0.5531914893617021
410,False,0,0,
411,False,0,0,
412,False,0,0,
413,False,0,0,
414,False,0,0,
415,True,6,6,0.5925925925925927
416,True,7,7,0.4857142857142857
417,False,0,0,
418,False,0,0,
419,False,0,0,
420,False,0,0,
421,False,0,0,
422,True,1,1,0.43333333333333335
423,False,1,1,
424,False,0,0,
425,False,0,0,
426,False,0,0,
427,True,11,11,0.7878787878787878
428,False,0,0,
429,True,2,2,0.6666666666666667
430,True,7,7,0.6688311688311688
431,False,0,0,
432,False,0,0,
433,False,0,0,
434,False,0,0,
435,False,0,0,
436,False,0,0,
437,True,2,2,0.5983606557377049
438,True,2,2,0.7307692307692308
439,False,0,0,
440,False,0,0,
441,False,0,0,
442,False,0,0,
443,True,1,1,0.8571428571428571
444,True,6,6,0.5066666666666667
445,False,0,0,
446,False,0,0,
447,True,2,2,0.75
448,False,0,0,
449,False,0,0,
450,False,0,0,
451,True,1,1,0.8333333333333334
452,False,0,0,
453,False,0,0,
454,True,5,5,0.5
455,True,1,1,0.75
456,True,1,1,0.5272727272727272
457,True,2,2,0.4435483870967742
458,False,0,0,
459,True,3,3,0.5538461538461538
460,False,0,0,
461,False,0,0,
462,False,0,0,
463,True,1,1,0.8076923076923077
464,True,4,4,0.7307692307692308
465,True,3,3,0.8253968253968255
466,True,1,1,1.0
467,False,0,0,
468,True,1,1,0.9310344827586207
469,False,1,1,
470,True,2,2,0.40384615384615385
471,False,0,0,
472,False,0,0,
473,True,22,22,0.2606060606060607
474,False,0,0,
475,False,0,0,
476,False,0,0,
477,False,0,0,
478,False,0,0,
479,False,0,0,
480,False,0,0,
481,False,0,0,
482,False,0,0,
483,True,6,6,0.6419753086419754
484,True,1,1,0.8518518518518519
485,False,0,0,
486,False,0,0,
487,False,0,0,
488,True,1,1,0.6206896551724138
489,False,0,0,
490,False,4,4,
491,False,3,3,
492,False,0,0,
493,False,0,0,
494,False,0,0,
495,False,0,0,
496,True,1,1,1.0
497,False,0,0,
498,True,2,2,0.5416666666666667
499,False,0,0,
500,False,0,0,
501,False,3,3,
502,True,4,4,0.573529411764706
503,True,2,2,0.7195121951219512
504,True,4,4,0.7573529411764706
505,False,0,0,
506,False,0,0,
507,False,0,0,
508,False,0,0,
509,False,0,0,
510,False,0,0,
511,True,4,4,0.375
512,False,0,0,
513,False,0,0,
514,False,0,0,
515,True,5,5,0.8652173913043478
516,False,0,0,
517,False,0,0,
518,False,0,0,
519,False,0,0,
520,True,11,11,0.6051948051948052
521,False,1,1,
522,False,0,0,
523,False,0,0,
524,False,0,0,
525,True,4,4,0.7361111111111112
526,False,0,0,
527,True,1,1,0.6808510638297872
528,False,7,7,
529,False,0,0,
530,True,1,1,0.8518518518518519
531,False,0,0,
532,True,4,4,0.6454545454545454
533,True,3,3,0.38888888888888884
534,False,0,0,
535,True,12,12,0.6868686868686867
536,False,0,0,
537,False,0,0,
538,True,3,3,0.4427083333333333
539,False,0,0,
540,False,0,0,
541,False,0,0,
542,True,3,3,0.6049382716049383
543,True,1,1,0.8888888888888888
544,False,0,0,
545,False,0,0,
546,False,2,2,
547,False,0,0,
548,True,1,1,0.3829787234042553
549,False,0,0,
550,False,0,0,
551,False,0,0,
552,False,0,0,
553,False,0,0,
554,False,0,0,
555,False,0,0,
556,False,0,0,
557,False,0,0,
558,True,6,6,0.46969696969696967
559,False,0,0,
560,False,0,0,
561,True,3,3,0.7047619047619048
562,False,0,0,
563,False,0,0,
564,False,0,0,
565,True,12,12,0.673611111111111
566,False,0,0,
567,False,0,0,
568,True,3,3,0.5648148148148148
569,False,0,0,
570,False,0,0,
571,False,0,0,
572,True,3,3,0.6878306878306878
573,False,0,0,
574,False,0,0,
575,False,0,0,
576,True,21,21,0.6542857142857144
577,False,0,0,
578,False,0,0,
579,False,0,0,
580,False,0,0,
581,False,0,0,
582,False,0,0,
583,True,9,9,0.7222222222222222
584,False,0,0,
585,False,0,0,
586,False,0,0,
587,False,0,0,
588,False,0,0,
589,False,0,0,
590,False,0,0,
591,False,0,0,
592,True,3,2,0.7045454545454546
593,False,0,0,
594,True,3,3,0.9622641509433962
595,False,0,0,
596,True,59,56,0.8410278745644598
597,False,0,0,
598,True,3,3,0.787878787878788
599,True,4,4,0.7
600,False,3,3,
601,False,1,1,
602,False,0,0,
603,False,0,0,
604,False,0,0,
605,True,1,1,0.9215686274509803
606,True,1,1,0.6923076923076923
607,False,0,0,
608,False,0,0,
609,False,0,0,
610,False,0,0,
611,False,0,0,
612,False,0,0,
613,False,0,0,
614,False,0,0,
615,False,0,0,
616,True,3,3,0.6178861788617885
617,False,0,0,
618,False,0,0,
619,False,0,0,
620,False,0,0,
621,False,0,0,
622,False,0,0,
623,False,0,0,
624,False,0,0,
625,True,9,9,0.8477366255144033
626,False,0,0,
627,False,0,0,
628,True,7,7,0.5472527472527472
629,True,1,1,0.4489795918367347
630,True,7,7,0.4928571428571429
631,False,0,0,
632,False,0,0,
633,False,0,0,
634,False,0,0,
635,False,0,0,
636,False,0,0,
637,True,5,5,0.6966666666666667
638,False,0,0,
639,True,3,3,0.3666666666666667
640,False,1,1,
641,True,11,11,0.6097560975609756
642,False,0,0,
643,False,0,0,
644,True,2,2,0.625
645,True,1,1,0.5818181818181818
646,False,0,0,
647,False,0,0,
648,False,0,0,
649,False,0,0,
650,False,0,0,
651,True,4,4,0.6157407407407407
652,False,0,0,
653,True,4,4,0.8490566037735849
654,False,0,0,
655,True,2,2,0.6603773584905661
656,True,7,7,0.6634050880626222
657,False,6,6,
658,False,0,0,
659,True,3,3,0.5866666666666667
660,False,0,0,
661,False,0,0,
662,False,0,0,
663,True,2,2,0.5909090909090908
664,False,0,0,
665,False,0,0,
666,False,0,0,
667,False,0,0,
668,True,4,4,0.5246478873239437
669,False,1,1,
670,False,0,0,
671,False,0,0,
672,False,0,0,
673,False,0,0,
674,False,0,0,
675,False,0,0,
676,False,0,0,
677,False,0,0,
678,False,0,0,
679,False,0,0,
680,False,0,0,
681,True,4,4,0.7276785714285715
682,False,0,0,
683,False,0,0,
684,True,13,13,0.5662393162393161
685,True,8,8,0.921875
686,False,0,0,
687,False,0,0,
688,True,1,1,0.6792452830188679
689,False,0,0,
690,False,0,0,
691,False,0,0,
692,False,0,0,
693,True,2,2,0.6805555555555556
694,True,1,1,0.8108108108108109
695,False,0,0,
696,True,3,3,0.8260869565217392
697,False,0,0,
698,False,0,0,
699,False,0,0,
700,False,0,0,
701,False,0,0,
702,True,5,5,0.6893617021276597
703,True,2,2,0.9354838709677419
704,False,0,0,
705,True,1,1,0.5517241379310345
706,False,0,0,
707,True,7,7,0.5492063492063493
708,False,0,0,
709,False,0,0,
710,False,0,0,
711,False,0,0,
712,True,1,1,0.6
713,False,0,0,
714,False,0,0,
715,False,5,5,
716,False,0,0,
717,False,0,0,
718,False,0,0,
719,True,9,9,0.5073375262054508
720,False,0,0,
721,False,0,0,
722,False,0,0,
723,True,5,5,0.95
724,True,2,2,0.7777777777777778
725,True,7,7,0.7428571428571428
726,False,0,0,
727,False,0,0,
728,False,0,0,
729,True,16,16,0.7259615384615384
730,False,0,0,
731,False,0,0,
732,False,0,0,
733,False,0,0,
734,False,0,0,
735,False,0,0,
736,False,0,0,
737,False,0,0,
738,False,0,0,
739,False,0,0,
740,False,0,0,
741,False,0,0,
742,False,0,0,
743,True,1,1,0.6842105263157895
744,False,0,0,
745,False,0,0,
746,False,0,0,
747,False,0,0,
748,True,1,1,0.4594594594594595
749,True,5,5,0.6863636363636363
750,True,1,1,0.4782608695652174
751,True,3,3,0.5909090909090909
752,True,8,8,0.5625
753,False,0,0,
754,False,0,0,
755,True,2,2,0.975
756,False,0,0,
757,False,0,0,
758,False,0,0,
759,False,0,0,
760,True,9,9,0.6809116809116809
761,False,0,0,
762,False,0,0,
763,True,5,5,0.7043478260869566
764,True,5,5,0.43589743589743596
765,False,0,0,
766,True,13,13,0.48996655518394644
767,False,0,0,
768,False,0,0,
769,False,0,0,
770,True,4,4,0.8913043478260869
771,False,0,0,
772,False,0,0,
773,True,1,1,1.0
774,False,0,0,
775,False,0,0,
776,False,0,0,
777,True,4,4,0.44000000000000006
778,True,15,15,0.7714285714285715
779,False,0,0,
780,False,0,0,
781,True,7,7,0.8482142857142857
782,False,0,0,
783,False,0,0,
784,True,3,3,0.8333333333333334
785,True,14,14,0.6514285714285714
786,True,11,11,0.5316804407713497
787,True,4,4,0.7142857142857143
788,False,0,0,
789,False,0,0,
790,False,0,0,
791,False,1,1,
792,False,0,0,
793,False,0,0,
794,False,0,0,
795,False,0,0,
796,True,1,1,0.6181818181818182
797,True,3,3,0.5175438596491228
798,True,6,6,0.7055555555555556
799,False,3,3,
800,True,25,25,0.9415384615384617
801,False,0,0,
802,False,0,0,
803,False,0,0,
804,False,0,0,
805,False,0,0,
806,False,0,0,
807,False,0,0,
808,True,3,3,0.7564102564102564
809,False,0,0,
810,False,0,0,
811,False,0,0,
812,False,0,0,
813,False,0,0,
814,False,0,0,
815,False,0,0,
816,True,8,7,0.6459627329192547
817,False,0,0,
818,True,1,1,1.0
819,False,0,0,
820,False,0,0,
821,True,6,6,0.75
822,False,0,0,
823,False,0,0,
824,False,0,0,
825,False,0,0,
826,False,0,0,
827,False,0,0,
828,False,0,0,
829,True,1,1,1.0
830,False,0,0,
831,True,5,5,0.8903225806451612
832,False,0,0,
833,True,4,4,0.5892857142857143
834,False,0,0,
835,False,0,0,
836,False,0,0,
837,True,1,1,0.8367346938775511
838,False,1,1,
839,False,0,0,
840,True,16,16,0.6458333333333335
841,False,0,0,
842,False,0,0,
843,False,0,0,
844,False,0,0,
845,False,0,0,
846,True,1,1,0.7142857142857143
847,False,0,0,
848,False,0,0,
849,False,0,0,
850,False,0,0,
851,False,0,0,
852,True,1,1,0.7068965517241379
853,False,0,0,
854,False,0,0,
855,False,0,0,
856,False,0,0,
857,True,2,2,0.6065573770491803
858,True,1,1,0.6222222222222222
859,False,0,0,
860,True,15,15,0.6299516908212561
861,False,0,0,
862,False,0,0,
863,False,0,0,
864,False,0,0,
865,False,0,0,
866,False,0,0,
867,True,5,5,0.5647058823529412
868,False,0,0,
869,False,0,0,
870,False,0,0,
871,True,18,18,0.6470588235294118
872,False,0,0,
873,False,0,0,
874,False,0,0,
875,True,5,5,0.85
876,False,0,0,
877,False,0,0,
878,False,0,0,
879,False,0,0,
880,False,0,0,
881,True,3,3,1.0
882,False,0,0,
883,True,2,2,0.7708333333333333
884,True,4,4,0.5108695652173914
885,True,17,17,0.561624649859944
886,False,0,0,
887,True,3,3,0.5098039215686274
888,False,0,0,
889,False,0,0,
890,True,1,1,1.0
891,False,0,0,
892,True,8,8,0.6331521739130435
893,True,6,6,0.6488095238095238
894,True,5,5,0.6
895,False,0,0,
896,False,0,0,
897,True,2,2,0.5306122448979591
898,False,0,0,
899,True,2,2,0.6333333333333333
900,True,1,1,0.631578947368421
901,False,0,0,
902,True,6,6,0.8974358974358974
903,False,0,0,
904,False,0,0,
905,False,0,0,
906,False,0,0,
907,False,0,0,
908,True,1,1,0.6666666666666666
909,True,1,1,0.5869565217391305
910,False,0,0,
911,False,0,0,
912,True,9,9,0.48496732026143796
913,False,0,0,
914,False,0,0,
915,True,7,7,0.6683673469387755
916,True,1,1,0.6885245901639344
917,True,3,3,0.4318181818181818
918,True,12,12,0.7631578947368419
919,True,5,5,0.264
920,False,0,0,
921,False,0,0,
922,False,0,0,
923,False,0,0,
924,False,0,0,
925,False,0,0,
926,False,0,0,
927,False,0,0,
928,True,1,1,0.5510204081632653
929,False,0,0,
930,False,0,0,
931,True,2,2,0.75
932,False,0,0,
933,False,0,0,
934,False,0,0,
935,False,0,0,
936,True,1,1,0.4935064935064935
937,False,0,0,
938,False,0,0,
939,False,0,0,
940,True,2,2,0.5714285714285714
941,False,0,0,
942,False,0,0,
943,False,0,0,
944,False,0,0,
945,False,0,0,
946,True,3,3,0.7280701754385964
947,False,0,0,
948,False,0,0,
949,False,0,0,
950,True,3,3,0.8115942028985508
951,False,0,0,
952,True,3,3,0.5
953,False,0,0,
954,False,0,0,
955,True,3,3,0.5348837209302325
956,False,0,0,
957,True,5,5,0.5641025641025641
958,False,0,0,
959,True,1,1,0.47435897435897434
960,False,0,0,
961,True,2,2,0.7105263157894737
962,False,0,0,
963,False,0,0,
964,True,4,4,0.9294871794871795
965,False,0,0,
966,False,0,0,
967,False,0,0,
968,False,0,0,
969,False,0,0,
970,False,0,0,
971,False,0,0,
972,False,0,0,
973,False,0,0,
974,True,4,4,0.7135416666666666
975,False,0,0,
976,False,0,0,
977,False,0,0,
978,False,0,0,
979,False,0,0,
980,False,0,0,
981,False,0,0,
982,False,0,0,
983,False,0,0,
984,False,0,0,
985,False,0,0,
986,False,0,0,
987,False,0,0,
988,False,0,0,
989,True,2,2,0.8125
990,False,0,0,
991,False,0,0,
992,False,0,0,
993,False,0,0,
994,False,0,0,
995,False,0,0,
996,False,0,0,
997,False,0,0,
998,False,0,0,
999,False,0,0,
