run,data,seed,training_seed,topics,variant,normalization_statistics,reused_training_weights,epochs,batch_size,hidden,learning_rate,momentum,weight_decay,count_scaling,concentration,kl_warmup_epochs,decoder,beta_meaning,framework,completion_nll,median_effective_topics,median_exact_support,p95_exact_support,unique_top1_topics,corpus_effective_topics,nearest_beta_cosine,catastrophic_duplicate,beta_recovery,theta_recovery,recovered_motifs,training_seconds,parameters,optimized_motifs,evaluable_motifs,useful_motifs,mean_sos,sos_count_ge_0.5,sos_count_ge_0.6,sos_count_ge_0.7,sos_count_ge_0.8,sos_count_ge_0.9
real/contextual_seed11/models/minimal_etm,MSnLib validation,11,7012,1000,contextual,not_applicable,False,120,200,800,0.005,0.9,1.2e-06,raw_counts,,0,additive_mixture,emissions,pytorch,9.536800740746713,3.771448278056315,6.0,14.0,827,532.4009338014458,0.155260369181633,False,,,,3949.8093312099954,19278001,798,662,405,0.6287307354831487,558,405,193,68,17
real/contextual_seed23/models/minimal_etm,MSnLib validation,23,7024,1000,contextual,not_applicable,False,120,200,800,0.005,0.9,1.2e-06,raw_counts,,0,additive_mixture,emissions,pytorch,9.551726123033077,3.7876407823501514,6.0,14.0,825,540.9086880627074,0.14812271296977997,False,,,,3707.4463125850016,19278001,788,662,370,0.621749501757373,552,370,184,62,18
real/reduced_attention_document_fixed_seed42/models/minimal_etm,MSnLib validation,42,7043,1000,reduced_attention_document_fixed,not_applicable,False,120,200,800,0.005,0.9,1.2e-06,raw_counts,,0,additive_mixture,emissions,pytorch,9.057086322088125,4.001461559499812,6.0,14.0,605,347.9640187141119,0.4121655821800232,False,,,,4177.865992959007,49000,838,517,333,0.6426202115863917,438,333,181,69,23
real/reduced_document_context_fixed_seed42/models/minimal_etm,MSnLib validation,42,7043,1000,reduced_document_context_fixed,not_applicable,False,120,200,800,0.005,0.9,1.2e-06,raw_counts,,0,additive_mixture,emissions,pytorch,9.45155607742488,3.6770612702166874,6.0,13.0,817,488.43402703648223,0.13656659424304962,False,,,,3638.0291298319935,19278000,818,674,379,0.619501705081995,555,379,187,71,12
real/reduced_document_context_fixed_shallow_seed42/models/minimal_etm,MSnLib validation,42,7043,1000,reduced_document_context_fixed_shallow,not_applicable,False,120,200,800,0.005,0.9,1.2e-06,raw_counts,,0,additive_mixture,emissions,pytorch,9.640896469121548,3.5214592648188856,6.0,12.0,769,431.2599741933238,0.10823521763086319,False,,,,4321.115082555989,18637200,789,621,363,0.6269497420977862,507,363,199,72,15
real/reduced_document_context_seed11/models/minimal_etm,MSnLib validation,11,7012,1000,reduced_document_context,not_applicable,False,120,200,800,0.005,0.9,1.2e-06,raw_counts,,0,additive_mixture,emissions,pytorch,9.49975483459578,3.7498018821172203,6.0,13.0,817,507.7284348307416,0.1444566398859024,False,,,,4415.785239751014,19278001,813,671,390,0.6278144864220112,566,390,201,72,20
real/reduced_document_context_seed23/models/minimal_etm,MSnLib validation,23,7024,1000,reduced_document_context,not_applicable,False,120,200,800,0.005,0.9,1.2e-06,raw_counts,,0,additive_mixture,emissions,pytorch,9.54541968182055,3.7266880922720844,6.0,14.0,799,505.39049326061917,0.1477363258600235,False,,,,2682.240672503991,19278001,804,657,393,0.6316894443400348,545,393,217,80,22
real/reduced_document_context_seed42_retry1/models/minimal_etm,MSnLib validation,42,7043,1000,reduced_document_context,not_applicable,False,120,200,800,0.005,0.9,1.2e-06,raw_counts,,0,additive_mixture,emissions,pytorch,9.5283875799038,3.686793311318016,6.0,13.0,806,513.9478010828095,0.1516951322555542,False,,,,3181.212902693005,19278001,813,669,389,0.6276819414242129,557,389,197,75,18
real/reduced_document_context_shallow_seed42/models/minimal_etm,MSnLib validation,42,7043,1000,reduced_document_context_shallow,not_applicable,False,120,200,800,0.005,0.9,1.2e-06,raw_counts,,0,additive_mixture,emissions,pytorch,9.756467281098589,3.536726195386582,6.0,13.0,791,455.3670288570455,0.10416584461927414,False,,,,2474.649217293001,18637201,806,646,353,0.6181530102266797,531,353,172,60,14
real/reduced_evidence_only_seed11/models/minimal_etm,MSnLib validation,11,7012,1000,reduced_evidence_only,not_applicable,False,120,200,800,0.005,0.9,1.2e-06,raw_counts,,0,additive_mixture,emissions,pytorch,9.1039646154753,4.395647531729672,7.0,16.0,623,376.20273833183313,0.43064647912979126,False,,,,4361.032439916002,49001,851,530,327,0.6448858389938045,448,327,196,79,23
real/reduced_evidence_only_seed23/models/minimal_etm,MSnLib validation,23,7024,1000,reduced_evidence_only,not_applicable,False,120,200,800,0.005,0.9,1.2e-06,raw_counts,,0,additive_mixture,emissions,pytorch,9.119586577871754,4.364685506804589,7.0,15.0,660,373.109261630745,0.42615142464637756,False,,,,3714.09056811301,49001,837,571,371,0.6480962652355905,497,371,198,78,28
real/reduced_evidence_only_seed42/models/minimal_etm,MSnLib validation,42,7043,1000,reduced_evidence_only,not_applicable,False,120,200,800,0.005,0.9,1.2e-06,raw_counts,,0,additive_mixture,emissions,pytorch,9.122659939241009,4.370752884469877,7.0,16.0,631,355.1695692789675,0.4477138817310333,False,,,,2984.224081471999,49001,842,537,326,0.6307438169789934,455,326,168,66,17
real/reduced_fixed_context_seed42/models/minimal_etm,MSnLib validation,42,7043,1000,reduced_fixed_context,not_applicable,False,120,200,800,0.005,0.9,1.2e-06,raw_counts,,0,additive_mixture,emissions,pytorch,9.38843015922196,3.5415041020584934,6.0,12.0,796,428.7304453411738,0.14515843987464905,False,,,,4692.072447804996,19278000,804,643,374,0.6281123254746024,547,374,195,55,17
real/reduced_fixed_context_top1_seed42/models/minimal_etm,MSnLib validation,42,7043,1000,reduced_fixed_context_top1,not_applicable,False,120,200,800,0.005,0.9,1.2e-06,raw_counts,,0,additive_mixture,emissions,pytorch,9.36440680870911,2.812016125955096,4.0,10.0,773,313.9520014053428,0.1354190707206726,False,,,,4413.369690497988,19278000,779,613,379,0.6351656597722629,519,379,193,75,25
real/reduced_no_loo_seed42/models/minimal_etm,MSnLib validation,42,7043,1000,reduced_no_loo,not_applicable,False,120,200,800,0.005,0.9,1.2e-06,raw_counts,,0,additive_mixture,emissions,pytorch,9.574516904265918,3.726375185559035,6.0,13.0,771,461.36204410592603,0.15442213416099548,False,,,,2782.7888968070038,19278000,801,617,366,0.6298767608322021,511,366,183,78,20
real/reduced_shallow_narrow_seed42/models/minimal_etm,MSnLib validation,42,7043,1000,reduced_shallow_narrow,not_applicable,False,120,200,100,0.005,0.9,1.2e-06,raw_counts,,0,additive_mixture,emissions,pytorch,9.6798310446081,3.651507900914231,6.0,14.0,790,500.1663855238909,0.12701421976089478,False,,,,4555.511946769999,2373401,784,625,377,0.6309078696406314,533,377,188,67,15
real/reduced_shallow_seed11/models/minimal_etm,MSnLib validation,11,7012,1000,reduced_shallow,not_applicable,False,120,200,800,0.005,0.9,1.2e-06,raw_counts,,0,additive_mixture,emissions,pytorch,9.76949690507893,3.6235580275822383,6.0,13.0,819,514.6503351782255,0.11988864839076996,False,,,,5079.850540137995,18637201,808,677,394,0.6239651913402601,577,394,189,61,13
real/reduced_shallow_seed23/models/minimal_etm,MSnLib validation,23,7024,1000,reduced_shallow,not_applicable,False,120,200,800,0.005,0.9,1.2e-06,raw_counts,,0,additive_mixture,emissions,pytorch,9.781852847693475,3.604338972898918,6.0,13.0,809,503.5871340177736,0.11141105741262436,False,,,,2225.880175159007,18637201,794,657,406,0.6342082164423556,560,406,199,69,15
real/reduced_shallow_seed42/models/minimal_etm,MSnLib validation,42,7043,1000,reduced_shallow,not_applicable,False,120,200,800,0.005,0.9,1.2e-06,raw_counts,,0,additive_mixture,emissions,pytorch,9.763701174310887,3.596413871713672,6.0,13.0,830,510.7547508501891,0.11140041798353195,False,,,,2273.6097904060007,18637201,787,672,402,0.6246871746554906,554,402,195,62,14
real/reduced_softmax_seed42/models/minimal_etm,MSnLib validation,42,7043,1000,reduced_softmax,not_applicable,False,120,200,800,0.005,0.9,1.2e-06,raw_counts,,0,additive_mixture,emissions,pytorch,9.125150648267374,47.58061626847945,1000.0,1000.0,759,718.4833272736629,0.10252740979194641,False,,,,1411.9581789020012,19278001,856,662,395,0.6300063639169907,536,395,209,92,32
synthetic/reduced_attention_document_fixed_seed11_k128,synthetic,11,7012,128,reduced_attention_document_fixed,not_applicable,False,120,200,800,0.005,0.9,1.2e-06,raw_counts,,0,additive_mixture,emissions,pytorch,6.089743666525081,2.550327979078337,5.0,9.0,36,34.263397293587545,0.836240291595459,False,0.6632540225982666,0.9302869073077348,17,69.43368442599603,6272,,,,,,,,,
synthetic/reduced_attention_document_fixed_seed11_k36,synthetic,11,7012,36,reduced_attention_document_fixed,not_applicable,False,120,200,800,0.005,0.9,1.2e-06,raw_counts,,0,additive_mixture,emissions,pytorch,6.186054027352101,2.858469381853911,5.0,9.0,24,21.762087080164243,0.6757606863975525,False,0.5767986178398132,0.7948747709519421,12,69.57492076299968,1764,,,,,,,,,
synthetic/reduced_attention_document_fixed_seed23_k128,synthetic,23,7024,128,reduced_attention_document_fixed,not_applicable,False,120,200,800,0.005,0.9,1.2e-06,raw_counts,,0,additive_mixture,emissions,pytorch,6.079657784880356,2.730845964391092,5.0,10.0,34,34.816529516072855,0.8380002975463867,False,0.6468145847320557,0.9259927602848046,15,69.5877961399965,6272,,,,,,,,,
synthetic/reduced_attention_document_fixed_seed23_k36,synthetic,23,7024,36,reduced_attention_document_fixed,not_applicable,False,120,200,800,0.005,0.9,1.2e-06,raw_counts,,0,additive_mixture,emissions,pytorch,6.152614242352756,2.7953937438474377,5.0,11.0,24,22.658787902716064,0.6853381395339966,False,0.5648543834686279,0.8110700910177264,15,69.34514344100899,1764,,,,,,,,,
synthetic/reduced_attention_document_fixed_seed37_k128,synthetic,37,7038,128,reduced_attention_document_fixed,not_applicable,False,120,200,800,0.005,0.9,1.2e-06,raw_counts,,0,additive_mixture,emissions,pytorch,6.142038787760478,3.0058246907713677,5.0,10.0,42,41.791923126527735,0.8232954144477844,False,0.6583411693572998,0.9087849656401158,16,69.48724023600516,6272,,,,,,,,,
synthetic/reduced_attention_document_fixed_seed37_k36,synthetic,37,7038,36,reduced_attention_document_fixed,not_applicable,False,120,200,800,0.005,0.9,1.2e-06,raw_counts,,0,additive_mixture,emissions,pytorch,6.225656019361239,2.6144450098098435,5.0,10.049999999999983,22,21.18821971738538,0.6775005459785461,False,0.5259823799133301,0.8067012300265624,12,69.36635047000891,1764,,,,,,,,,
synthetic/reduced_document_context_fixed_seed11_k128,synthetic,11,7012,128,reduced_document_context_fixed,not_applicable,False,120,200,800,0.005,0.9,1.2e-06,raw_counts,,0,additive_mixture,emissions,pytorch,6.136306736134188,1.539593190756951,2.0,5.0,18,15.548518230376406,0.8941354751586914,False,0.6397183537483215,0.9316629397318609,16,36.61193899800128,2319200,,,,,,,,,
synthetic/reduced_document_context_fixed_seed11_k36,synthetic,11,7012,36,reduced_document_context_fixed,not_applicable,False,120,200,800,0.005,0.9,1.2e-06,raw_counts,,0,additive_mixture,emissions,pytorch,6.284818328970595,1.99406711470898,4.0,7.0,11,10.574695614129487,0.7758476734161377,False,0.4622404873371124,0.7155327781996702,8,35.95464078200166,2167400,,,,,,,,,
synthetic/reduced_document_context_fixed_seed23_k128,synthetic,23,7024,128,reduced_document_context_fixed,not_applicable,False,120,200,800,0.005,0.9,1.2e-06,raw_counts,,0,additive_mixture,emissions,pytorch,6.14254883795271,1.6785182589560568,3.0,6.0,17,15.180351269350119,0.9042794108390808,False,0.6113669276237488,0.905075605594267,15,36.79739248698752,2301600,,,,,,,,,
synthetic/reduced_document_context_fixed_seed23_k36,synthetic,23,7024,36,reduced_document_context_fixed,not_applicable,False,120,200,800,0.005,0.9,1.2e-06,raw_counts,,0,additive_mixture,emissions,pytorch,6.2662222140881125,2.0814189716593883,4.0,7.0,12,11.162299316121487,0.77930748462677,False,0.42559435963630676,0.7624568560041941,8,35.88250239800254,2149800,,,,,,,,,
synthetic/reduced_document_context_fixed_seed37_k128,synthetic,37,7038,128,reduced_document_context_fixed,not_applicable,False,120,200,800,0.005,0.9,1.2e-06,raw_counts,,0,additive_mixture,emissions,pytorch,6.273814337805619,2.0153602779166273,3.0,7.0,20,17.218123485714358,0.883398175239563,False,0.616036057472229,0.8972214892447365,14,36.352561089006485,2318400,,,,,,,,,
synthetic/reduced_document_context_fixed_seed37_k36,synthetic,37,7038,36,reduced_document_context_fixed,not_applicable,False,120,200,800,0.005,0.9,1.2e-06,raw_counts,,0,additive_mixture,emissions,pytorch,6.285949653959682,2.012565714545926,4.0,8.0,14,13.400269719815261,0.7203875184059143,False,0.46713051199913025,0.7176590659699087,8,36.47173618100351,2166600,,,,,,,,,
synthetic/reduced_document_context_fixed_shallow_seed11_k128,synthetic,11,7012,128,reduced_document_context_fixed_shallow,not_applicable,False,120,200,800,0.005,0.9,1.2e-06,raw_counts,,0,additive_mixture,emissions,pytorch,6.159098204896604,1.584059616722607,3.0,6.0,17,15.471587075169362,0.8942334055900574,False,0.6307511329650879,0.898814234571962,15,50.69139415900281,1678400,,,,,,,,,
synthetic/reduced_document_context_fixed_shallow_seed11_k36,synthetic,11,7012,36,reduced_document_context_fixed_shallow,not_applicable,False,120,200,800,0.005,0.9,1.2e-06,raw_counts,,0,additive_mixture,emissions,pytorch,6.262207958579722,2.080439676500511,4.0,8.0,13,12.097406495569793,0.7429623007774353,False,0.4949910342693329,0.7823140183499072,10,51.63381376900361,1526600,,,,,,,,,
synthetic/reduced_document_context_fixed_shallow_seed23_k128,synthetic,23,7024,128,reduced_document_context_fixed_shallow,not_applicable,False,120,200,800,0.005,0.9,1.2e-06,raw_counts,,0,additive_mixture,emissions,pytorch,6.1868266270680525,1.4846752520308226,2.0,6.0,17,15.19429258429557,0.9068489670753479,False,0.6013944149017334,0.9069505849189209,15,51.83771048899507,1660800,,,,,,,,,
synthetic/reduced_document_context_fixed_shallow_seed23_k36,synthetic,23,7024,36,reduced_document_context_fixed_shallow,not_applicable,False,120,200,800,0.005,0.9,1.2e-06,raw_counts,,0,additive_mixture,emissions,pytorch,6.307864018933007,2.1096958001234993,4.0,7.0,11,9.816267122536926,0.8197447657585144,False,0.3642224967479706,0.5877769356549228,6,51.58886862000509,1509000,,,,,,,,,
synthetic/reduced_document_context_fixed_shallow_seed37_k128,synthetic,37,7038,128,reduced_document_context_fixed_shallow,not_applicable,False,120,200,800,0.005,0.9,1.2e-06,raw_counts,,0,additive_mixture,emissions,pytorch,6.2497627130258495,1.8907887059764614,3.0,7.0,19,16.503726718783167,0.890810489654541,False,0.5899004340171814,0.8271255346025788,13,51.75010027999815,1677600,,,,,,,,,
synthetic/reduced_document_context_fixed_shallow_seed37_k36,synthetic,37,7038,36,reduced_document_context_fixed_shallow,not_applicable,False,120,200,800,0.005,0.9,1.2e-06,raw_counts,,0,additive_mixture,emissions,pytorch,6.262254982838138,2.043520831378045,4.0,8.0,15,13.661691798594624,0.7321978211402893,False,0.4732738733291626,0.6756450328186709,11,51.69729542899586,1525800,,,,,,,,,
synthetic/reduced_document_context_seed11_k128,synthetic,11,7012,128,reduced_document_context,not_applicable,False,120,200,800,0.005,0.9,1.2e-06,raw_counts,,0,additive_mixture,emissions,pytorch,6.156294450620586,1.4606221403790574,2.0,5.0,19,15.422305428747498,0.8963979482650757,False,0.6449353694915771,0.9304282688755456,16,3.5112011960009113,2319201,,,,,,,,,
synthetic/reduced_document_context_seed11_k36,synthetic,11,7012,36,reduced_document_context,not_applicable,False,120,200,800,0.005,0.9,1.2e-06,raw_counts,,0,additive_mixture,emissions,pytorch,6.264843344192199,1.9668076571767639,4.0,7.0,13,12.23216181343505,0.7613603472709656,False,0.4953821897506714,0.7562594327970658,11,3.090813304996118,2167401,,,,,,,,,
synthetic/reduced_document_context_seed23_k128,synthetic,23,7024,128,reduced_document_context,not_applicable,False,120,200,800,0.005,0.9,1.2e-06,raw_counts,,0,additive_mixture,emissions,pytorch,6.1660975363613915,1.7597691374481241,3.0,6.0,18,16.721031452260206,0.892580509185791,False,0.6146520972251892,0.9011116592093412,15,3.3015031719987746,2301601,,,,,,,,,
synthetic/reduced_document_context_seed23_k36,synthetic,23,7024,36,reduced_document_context,not_applicable,False,120,200,800,0.005,0.9,1.2e-06,raw_counts,,0,additive_mixture,emissions,pytorch,6.285872602624724,2.1231186046463826,4.0,7.0,12,11.033783118229806,0.7815297245979309,False,0.41363105177879333,0.7004192854171529,8,3.1620028799952706,2149801,,,,,,,,,
synthetic/reduced_document_context_seed37_k128,synthetic,37,7038,128,reduced_document_context,not_applicable,False,120,200,800,0.005,0.9,1.2e-06,raw_counts,,0,additive_mixture,emissions,pytorch,6.256859367741179,1.9272048950339877,3.0,8.0,22,19.065448036803875,0.875816822052002,False,0.6303849816322327,0.9129965284574345,16,3.212667493004119,2318401,,,,,,,,,
synthetic/reduced_document_context_seed37_k36,synthetic,37,7038,36,reduced_document_context,not_applicable,False,120,200,800,0.005,0.9,1.2e-06,raw_counts,,0,additive_mixture,emissions,pytorch,6.2860693411875905,2.0681824231654384,4.0,8.0,14,14.337889094688576,0.6999483704566956,False,0.4666503667831421,0.714505151295292,8,3.214488176003215,2166601,,,,,,,,,
synthetic/reduced_document_context_shallow_seed11_k128,synthetic,11,7012,128,reduced_document_context_shallow,not_applicable,False,120,200,800,0.005,0.9,1.2e-06,raw_counts,,0,additive_mixture,emissions,pytorch,6.123783570906508,1.5134841385752473,3.0,6.0,19,16.504999652613392,0.895231306552887,False,0.6626788377761841,0.9585011160294663,17,35.0058929920051,1678401,,,,,,,,,
synthetic/reduced_document_context_shallow_seed11_k36,synthetic,11,7012,36,reduced_document_context_shallow,not_applicable,False,120,200,800,0.005,0.9,1.2e-06,raw_counts,,0,additive_mixture,emissions,pytorch,6.258720711485981,1.9364937054688713,4.0,8.0,13,12.412250379409063,0.733502984046936,False,0.505501925945282,0.7915990687399768,11,35.261219004009035,1526601,,,,,,,,,
synthetic/reduced_document_context_shallow_seed23_k128,synthetic,23,7024,128,reduced_document_context_shallow,not_applicable,False,120,200,800,0.005,0.9,1.2e-06,raw_counts,,0,additive_mixture,emissions,pytorch,6.169826092629641,1.443883675121,2.0,6.0,17,15.44205362359583,0.904935896396637,False,0.6064411997795105,0.9093191371704655,15,35.5752643320011,1660801,,,,,,,,,
synthetic/reduced_document_context_shallow_seed23_k36,synthetic,23,7024,36,reduced_document_context_shallow,not_applicable,False,120,200,800,0.005,0.9,1.2e-06,raw_counts,,0,additive_mixture,emissions,pytorch,6.303206275158937,2.116556003454664,4.0,7.0,10,9.8015866744156,0.8169848322868347,False,0.36250969767570496,0.5794987851106037,6,35.18536484299693,1509001,,,,,,,,,
synthetic/reduced_document_context_shallow_seed37_k128,synthetic,37,7038,128,reduced_document_context_shallow,not_applicable,False,120,200,800,0.005,0.9,1.2e-06,raw_counts,,0,additive_mixture,emissions,pytorch,6.246626460712157,1.8266679242105757,3.0,7.0,20,17.539173544192305,0.8806787729263306,False,0.6114563941955566,0.8463752661935076,13,35.56499283699668,1677601,,,,,,,,,
synthetic/reduced_document_context_shallow_seed37_k36,synthetic,37,7038,36,reduced_document_context_shallow,not_applicable,False,120,200,800,0.005,0.9,1.2e-06,raw_counts,,0,additive_mixture,emissions,pytorch,6.26610599503734,1.9963319023441048,4.0,8.0,15,13.48206477803983,0.7320658564567566,False,0.4727005958557129,0.6736802327742331,11,35.274029648993746,1525801,,,,,,,,,
synthetic/reduced_evidence_only_seed11_k128,synthetic,11,7012,128,reduced_evidence_only,not_applicable,False,120,200,800,0.005,0.9,1.2e-06,raw_counts,,0,additive_mixture,emissions,pytorch,6.156884288910542,1.9985578009331464,2.0,6.0,32,30.07206149789918,0.8769711256027222,False,0.6758349537849426,0.958722592958728,18,2.826192128995899,6273,,,,,,,,,
synthetic/reduced_evidence_only_seed11_k36,synthetic,11,7012,36,reduced_evidence_only,not_applicable,False,120,200,800,0.005,0.9,1.2e-06,raw_counts,,0,additive_mixture,emissions,pytorch,6.244246727456876,1.9987561278120185,2.0,5.0,22,20.558932123192882,0.7494943141937256,False,0.5869813561439514,0.8466323030904166,12,2.7472638040053425,1765,,,,,,,,,
synthetic/reduced_evidence_only_seed23_k128,synthetic,23,7024,128,reduced_evidence_only,not_applicable,False,120,200,800,0.005,0.9,1.2e-06,raw_counts,,0,additive_mixture,emissions,pytorch,6.106373529467518,1.999644019312992,3.0,7.0,36,32.91055637285359,0.8511718511581421,False,0.6480484008789062,0.9295640557222506,15,2.6806756729929475,6273,,,,,,,,,
synthetic/reduced_evidence_only_seed23_k36,synthetic,23,7024,36,reduced_evidence_only,not_applicable,False,120,200,800,0.005,0.9,1.2e-06,raw_counts,,0,additive_mixture,emissions,pytorch,6.179555964610871,1.9947841714737202,3.0,5.0,23,21.464660618644423,0.715688943862915,False,0.5906593799591064,0.8367835867092899,13,2.66529675500351,1765,,,,,,,,,
synthetic/reduced_evidence_only_seed37_k128,synthetic,37,7038,128,reduced_evidence_only,not_applicable,False,120,200,800,0.005,0.9,1.2e-06,raw_counts,,0,additive_mixture,emissions,pytorch,6.160044686716595,2.0379154379945774,3.0,7.0,37,35.032235743102426,0.8501846790313721,False,0.6572306156158447,0.9020694589724512,16,2.8593957830016734,6273,,,,,,,,,
synthetic/reduced_evidence_only_seed37_k36,synthetic,37,7038,36,reduced_evidence_only,not_applicable,False,120,200,800,0.005,0.9,1.2e-06,raw_counts,,0,additive_mixture,emissions,pytorch,6.2252023373494545,1.9980527241477364,2.0,5.0,22,21.93985609233001,0.714184582233429,False,0.6062275767326355,0.8468665892150596,15,2.794976252000197,1765,,,,,,,,,
synthetic/reduced_fixed_context_seed11_k128,synthetic,11,7012,128,reduced_fixed_context,not_applicable,False,120,200,800,0.005,0.9,1.2e-06,raw_counts,,0,additive_mixture,emissions,pytorch,6.1288654451825675,1.3903609742686651,2.0,5.0,18,16.16289193564915,0.8931244611740112,False,0.6654733419418335,0.9628094449038589,18,2.943309775000671,2319200,,,,,,,,,
synthetic/reduced_fixed_context_seed11_k36,synthetic,11,7012,36,reduced_fixed_context,not_applicable,False,120,200,800,0.005,0.9,1.2e-06,raw_counts,,0,additive_mixture,emissions,pytorch,6.295161328163802,1.9348219490811,4.0,7.049999999999983,13,11.78731048473199,0.7682875394821167,False,0.46420538425445557,0.7630482993401572,9,2.856815955005004,2167400,,,,,,,,,
synthetic/reduced_fixed_context_seed23_k128,synthetic,23,7024,128,reduced_fixed_context,not_applicable,False,120,200,800,0.005,0.9,1.2e-06,raw_counts,,0,additive_mixture,emissions,pytorch,6.1495815977818555,1.7042063959401794,3.0,6.0,18,15.394767413781077,0.9025041460990906,False,0.6199790835380554,0.8884210644000973,16,3.0305599870043807,2301600,,,,,,,,,
synthetic/reduced_fixed_context_seed23_k36,synthetic,23,7024,36,reduced_fixed_context,not_applicable,False,120,200,800,0.005,0.9,1.2e-06,raw_counts,,0,additive_mixture,emissions,pytorch,6.265703731530332,1.9717180718182319,4.0,6.049999999999983,12,11.174527595342141,0.786150336265564,False,0.43025124073028564,0.7466547261434164,9,2.8882600020006066,2149800,,,,,,,,,
synthetic/reduced_fixed_context_seed37_k128,synthetic,37,7038,128,reduced_fixed_context,not_applicable,False,120,200,800,0.005,0.9,1.2e-06,raw_counts,,0,additive_mixture,emissions,pytorch,6.242002007452024,1.9814858514124958,3.0,7.0,20,17.421273643316763,0.8778252005577087,False,0.6239702701568604,0.8944149377671851,15,3.041126798998448,2318400,,,,,,,,,
synthetic/reduced_fixed_context_seed37_k36,synthetic,37,7038,36,reduced_fixed_context,not_applicable,False,120,200,800,0.005,0.9,1.2e-06,raw_counts,,0,additive_mixture,emissions,pytorch,6.292704924959314,2.1111461688213975,4.0,8.0,13,13.342164479700502,0.7227597236633301,False,0.47084367275238037,0.7080543995945247,8,2.997492966009304,2166600,,,,,,,,,
synthetic/reduced_fixed_context_top1_seed11_k128,synthetic,11,7012,128,reduced_fixed_context_top1,not_applicable,False,120,200,800,0.005,0.9,1.2e-06,raw_counts,,0,additive_mixture,emissions,pytorch,6.130523962264688,1.1843962969229052,2.0,5.049999999999983,20,19.071224098333076,0.8571882247924805,False,0.6739275455474854,0.9712496225182419,16,54.88097860199923,2319200,,,,,,,,,
synthetic/reduced_fixed_context_top1_seed11_k36,synthetic,11,7012,36,reduced_fixed_context_top1,not_applicable,False,120,200,800,0.005,0.9,1.2e-06,raw_counts,,0,additive_mixture,emissions,pytorch,6.26062749309651,1.9282990292599944,3.0,7.0,15,13.389797906006445,0.7152017951011658,False,0.530414342880249,0.8148648128870623,10,71.2776001989987,2167400,,,,,,,,,
synthetic/reduced_fixed_context_top1_seed23_k128,synthetic,23,7024,128,reduced_fixed_context_top1,not_applicable,False,120,200,800,0.005,0.9,1.2e-06,raw_counts,,0,additive_mixture,emissions,pytorch,6.244398663801914,1.9312628030714811,3.0,7.0,22,19.479902582707766,0.8725447058677673,False,0.6088745594024658,0.8685074340630565,14,54.9394524859963,2301600,,,,,,,,,
synthetic/reduced_fixed_context_top1_seed23_k36,synthetic,23,7024,36,reduced_fixed_context_top1,not_applicable,False,120,200,800,0.005,0.9,1.2e-06,raw_counts,,0,additive_mixture,emissions,pytorch,6.2998550450623165,1.9954085362656975,4.0,6.049999999999983,14,12.624930045145119,0.7439977526664734,False,0.4527784585952759,0.7113231313098632,9,70.83982399699744,2149800,,,,,,,,,
synthetic/reduced_fixed_context_top1_seed37_k128,synthetic,37,7038,128,reduced_fixed_context_top1,not_applicable,False,120,200,800,0.005,0.9,1.2e-06,raw_counts,,0,additive_mixture,emissions,pytorch,6.2437841324366845,1.2753664794857587,2.0,6.0,21,18.92212842365719,0.8561928272247314,False,0.6797567009925842,0.9668517268089183,17,55.11848466000811,2318400,,,,,,,,,
synthetic/reduced_fixed_context_top1_seed37_k36,synthetic,37,7038,36,reduced_fixed_context_top1,not_applicable,False,120,200,800,0.005,0.9,1.2e-06,raw_counts,,0,additive_mixture,emissions,pytorch,6.326487536695851,1.9279080020892245,4.0,6.0,16,13.448563915060447,0.7360936403274536,False,0.4984113276004791,0.7097044489486857,9,60.43801174699911,2166600,,,,,,,,,
synthetic/reduced_full_routing_seed11_k128,synthetic,11,7012,128,reduced_full_routing,not_applicable,False,120,200,800,0.005,0.9,1.2e-06,raw_counts,,0,additive_mixture,emissions,pytorch,6.585990502148097,1.932052699404116,3.0,5.0,5,4.405354135780108,0.9721196889877319,False,0.283059298992157,0.3895925036344539,3,3.411558703010087,2319201,,,,,,,,,
synthetic/reduced_full_routing_seed23_k128,synthetic,23,7024,128,reduced_full_routing,not_applicable,False,120,200,800,0.005,0.9,1.2e-06,raw_counts,,0,additive_mixture,emissions,pytorch,6.432071103488882,1.7745125715780166,2.0,5.0,6,6.436137982434979,0.9638954401016235,False,0.32127323746681213,0.5694532889257006,3,3.153678945003776,2301601,,,,,,,,,
synthetic/reduced_full_routing_seed37_k128,synthetic,37,7038,128,reduced_full_routing,not_applicable,False,120,200,800,0.005,0.9,1.2e-06,raw_counts,,0,additive_mixture,emissions,pytorch,6.503088657959977,1.925878944710313,3.0,6.0,7,5.775667105586449,0.9683666229248047,False,0.3065900504589081,0.4745744023894475,4,3.1419711430062307,2318401,,,,,,,,,
synthetic/reduced_linear_evidence_seed11_k128,synthetic,11,7012,128,reduced_linear_evidence,not_applicable,False,120,200,800,0.005,0.9,1.2e-06,raw_counts,,0,additive_mixture,emissions,pytorch,6.5251527424070845,1.0207349295401227,2.0,4.049999999999983,44,28.532330733840674,0.8556757569313049,False,0.6564206480979919,0.8413340069971899,14,3.122937003005063,2319201,,,,,,,,,
synthetic/reduced_linear_evidence_seed11_k36,synthetic,11,7012,36,reduced_linear_evidence,not_applicable,False,120,200,800,0.005,0.9,1.2e-06,raw_counts,,0,additive_mixture,emissions,pytorch,6.2736063652411005,1.470390659666656,3.0,8.0,18,14.67927054210388,0.7097280025482178,False,0.582264244556427,0.8766054299133618,13,3.032452119005029,2167401,,,,,,,,,
synthetic/reduced_linear_evidence_seed23_k128,synthetic,23,7024,128,reduced_linear_evidence,not_applicable,False,120,200,800,0.005,0.9,1.2e-06,raw_counts,,0,additive_mixture,emissions,pytorch,6.44424689159938,1.0046923539434922,1.5,5.0,38,29.70197170528807,0.8317908048629761,False,0.6475802659988403,0.8418881102156023,17,3.0680818160035415,2301601,,,,,,,,,
synthetic/reduced_linear_evidence_seed23_k36,synthetic,23,7024,36,reduced_linear_evidence,not_applicable,False,120,200,800,0.005,0.9,1.2e-06,raw_counts,,0,additive_mixture,emissions,pytorch,6.341660098559454,1.6275290609315503,3.0,10.0,19,15.920161084531776,0.6759548783302307,False,0.5810855627059937,0.806428084782328,14,2.8944819220050704,2149801,,,,,,,,,
synthetic/reduced_linear_evidence_seed37_k128,synthetic,37,7038,128,reduced_linear_evidence,not_applicable,False,120,200,800,0.005,0.9,1.2e-06,raw_counts,,0,additive_mixture,emissions,pytorch,6.535304658647329,1.0,1.0,5.0,42,30.581583773294227,0.8375512957572937,False,0.6667461395263672,0.849982736862352,17,3.2199328239948954,2318401,,,,,,,,,
synthetic/reduced_linear_evidence_seed37_k36,synthetic,37,7038,36,reduced_linear_evidence,not_applicable,False,120,200,800,0.005,0.9,1.2e-06,raw_counts,,0,additive_mixture,emissions,pytorch,6.312843541959454,1.5248817466097062,3.0,8.0,18,14.963309929414148,0.6928141117095947,False,0.5955931544303894,0.8564011301534847,14,2.906150708993664,2166601,,,,,,,,,
synthetic/reduced_no_loo_seed11_k128,synthetic,11,7012,128,reduced_no_loo,not_applicable,False,120,200,800,0.005,0.9,1.2e-06,raw_counts,,0,additive_mixture,emissions,pytorch,6.2216877112695,1.3452890032343146,2.0,5.0,15,13.074068282823252,0.9105770587921143,False,0.598344087600708,0.8441688798715351,14,3.0938032970007043,2319200,,,,,,,,,
synthetic/reduced_no_loo_seed11_k36,synthetic,11,7012,36,reduced_no_loo,not_applicable,False,120,200,800,0.005,0.9,1.2e-06,raw_counts,,0,additive_mixture,emissions,pytorch,6.336693032363664,2.0250797840986428,4.0,6.049999999999983,11,9.650599764112872,0.7902655601501465,False,0.43473613262176514,0.6817787193007483,8,69.08646427700296,2167400,,,,,,,,,
synthetic/reduced_no_loo_seed23_k128,synthetic,23,7024,128,reduced_no_loo,not_applicable,False,120,200,800,0.005,0.9,1.2e-06,raw_counts,,0,additive_mixture,emissions,pytorch,6.239297493058991,1.6381354861122088,3.0,6.0,18,13.184826387423291,0.9064438343048096,False,0.5374435186386108,0.8194097940740349,12,3.0518514400027925,2301600,,,,,,,,,
synthetic/reduced_no_loo_seed23_k36,synthetic,23,7024,36,reduced_no_loo,not_applicable,False,120,200,800,0.005,0.9,1.2e-06,raw_counts,,0,additive_mixture,emissions,pytorch,6.339104256190172,2.49491172994255,4.0,8.0,12,10.430635486862537,0.7923738956451416,False,0.4133634567260742,0.6252481291176121,8,68.88568196199776,2149800,,,,,,,,,
synthetic/reduced_no_loo_seed37_k128,synthetic,37,7038,128,reduced_no_loo,not_applicable,False,120,200,800,0.005,0.9,1.2e-06,raw_counts,,0,additive_mixture,emissions,pytorch,6.291966924292415,1.8794151969547208,3.0,6.049999999999983,16,13.627963892189197,0.9076297879219055,False,0.5038565397262573,0.7466498448976044,13,2.9230234420101624,2318400,,,,,,,,,
synthetic/reduced_no_loo_seed37_k36,synthetic,37,7038,36,reduced_no_loo,not_applicable,False,120,200,800,0.005,0.9,1.2e-06,raw_counts,,0,additive_mixture,emissions,pytorch,6.409950811673133,2.3309446737067887,4.0,8.0,11,9.795520550486497,0.790846049785614,False,0.36917629837989807,0.5484858573306567,6,69.21688122299383,2166600,,,,,,,,,
synthetic/reduced_scaled_full_routing_seed11_k128,synthetic,11,7012,128,reduced_scaled_full_routing,not_applicable,False,120,200,800,0.005,0.9,1.2e-06,raw_counts,,0,additive_mixture,emissions,pytorch,6.246216774203347,1.5540186783668624,3.0,6.0,13,11.553419801387284,0.9372813105583191,False,0.491092324256897,0.7450325452689709,11,55.74704326900246,2319201,,,,,,,,,
synthetic/reduced_scaled_full_routing_seed11_k36,synthetic,11,7012,36,reduced_scaled_full_routing,not_applicable,False,120,200,800,0.005,0.9,1.2e-06,raw_counts,,0,additive_mixture,emissions,pytorch,6.385744609181727,2.0660199903033196,4.0,8.049999999999983,10,8.955082793109344,0.832273542881012,False,0.38482141494750977,0.660433138436888,7,55.475509673997294,2167401,,,,,,,,,
synthetic/reduced_scaled_full_routing_seed23_k128,synthetic,23,7024,128,reduced_scaled_full_routing,not_applicable,False,120,200,800,0.005,0.9,1.2e-06,raw_counts,,0,additive_mixture,emissions,pytorch,6.340685559480928,1.8468070717206122,3.0,6.0,9,8.35860769795786,0.9559757709503174,False,0.3604741394519806,0.6627652768400479,6,55.619415994005976,2301601,,,,,,,,,
synthetic/reduced_scaled_full_routing_seed23_k36,synthetic,23,7024,36,reduced_scaled_full_routing,not_applicable,False,120,200,800,0.005,0.9,1.2e-06,raw_counts,,0,additive_mixture,emissions,pytorch,6.389551657002878,2.417317498500929,4.5,8.0,9,8.202701419426983,0.845231294631958,False,0.3241748511791229,0.41338266415971353,3,55.72518285000115,2149801,,,,,,,,,
synthetic/reduced_scaled_full_routing_seed37_k128,synthetic,37,7038,128,reduced_scaled_full_routing,not_applicable,False,120,200,800,0.005,0.9,1.2e-06,raw_counts,,0,additive_mixture,emissions,pytorch,6.396829158720008,1.709599451739002,3.0,7.0,11,9.531391197461076,0.950131893157959,False,0.4214787781238556,0.6617826848405131,9,55.772148546995595,2318401,,,,,,,,,
synthetic/reduced_scaled_full_routing_seed37_k36,synthetic,37,7038,36,reduced_scaled_full_routing,not_applicable,False,120,200,800,0.005,0.9,1.2e-06,raw_counts,,0,additive_mixture,emissions,pytorch,6.410011610004646,1.8270066651673629,4.0,7.0,10,8.886382942699312,0.8332186937332153,False,0.37794721126556396,0.612824635177963,6,55.45459790599125,2166601,,,,,,,,,
synthetic/reduced_shallow_narrow_seed11_k128,synthetic,11,7012,128,reduced_shallow_narrow,not_applicable,False,120,200,100,0.005,0.9,1.2e-06,raw_counts,,0,additive_mixture,emissions,pytorch,6.087933888453769,1.5065496444746984,3.0,6.0,18,15.99725223944848,0.8966183066368103,False,0.6654877662658691,0.9541006611071252,16,86.95578350700089,215401,,,,,,,,,
synthetic/reduced_shallow_narrow_seed11_k36,synthetic,11,7012,36,reduced_shallow_narrow,not_applicable,False,120,200,100,0.005,0.9,1.2e-06,raw_counts,,0,additive_mixture,emissions,pytorch,6.276412677468967,2.059414005042944,4.0,7.0,13,12.119034072624393,0.7513676881790161,False,0.5090543627738953,0.776152994160897,11,93.70014917399385,192401,,,,,,,,,
synthetic/reduced_shallow_narrow_seed23_k128,synthetic,23,7024,128,reduced_shallow_narrow,not_applicable,False,120,200,100,0.005,0.9,1.2e-06,raw_counts,,0,additive_mixture,emissions,pytorch,6.1282891159003725,1.6249369971038112,3.0,7.0,18,16.325188588083485,0.8987683057785034,False,0.6506588459014893,0.9308503352762927,18,93.95331382499717,213201,,,,,,,,,
synthetic/reduced_shallow_narrow_seed23_k36,synthetic,23,7024,36,reduced_shallow_narrow,not_applicable,False,120,200,100,0.005,0.9,1.2e-06,raw_counts,,0,additive_mixture,emissions,pytorch,6.254020223082962,2.0025733751383523,4.0,7.0,12,11.419490695456462,0.7845907211303711,False,0.45523226261138916,0.7643276301995381,9,93.65628872800153,190201,,,,,,,,,
synthetic/reduced_shallow_narrow_seed37_k128,synthetic,37,7038,128,reduced_shallow_narrow,not_applicable,False,120,200,100,0.005,0.9,1.2e-06,raw_counts,,0,additive_mixture,emissions,pytorch,6.210816044861157,1.8637007444505627,4.0,7.049999999999983,20,17.566897352589432,0.8761346936225891,False,0.6572278141975403,0.9196350103787715,17,93.97990013600793,215301,,,,,,,,,
synthetic/reduced_shallow_narrow_seed37_k36,synthetic,37,7038,36,reduced_shallow_narrow,not_applicable,False,120,200,100,0.005,0.9,1.2e-06,raw_counts,,0,additive_mixture,emissions,pytorch,6.235846604953602,1.9849851254218522,4.0,7.049999999999983,14,12.214730238800733,0.7615259289741516,False,0.5043900012969971,0.7332823828756212,12,93.75960843199573,192301,,,,,,,,,
synthetic/reduced_shallow_seed11_k128,synthetic,11,7012,128,reduced_shallow,not_applicable,False,120,200,800,0.005,0.9,1.2e-06,raw_counts,,0,additive_mixture,emissions,pytorch,6.113018002687265,1.588679905934066,3.0,6.0,19,17.554368729055657,0.8841497302055359,False,0.6575286388397217,0.9581162898512062,17,3.0420433119870722,1678401,,,,,,,,,
synthetic/reduced_shallow_seed11_k36,synthetic,11,7012,36,reduced_shallow,not_applicable,False,120,200,800,0.005,0.9,1.2e-06,raw_counts,,0,additive_mixture,emissions,pytorch,6.266678105888924,1.8698772843708464,4.0,7.0,14,13.012116418738987,0.731204628944397,False,0.5265011787414551,0.8169817287540573,11,2.8685167859948706,1526601,,,,,,,,,
synthetic/reduced_shallow_seed23_k128,synthetic,23,7024,128,reduced_shallow,not_applicable,False,120,200,800,0.005,0.9,1.2e-06,raw_counts,,0,additive_mixture,emissions,pytorch,6.159364294883755,1.3459548888897857,2.0,5.0,17,15.321440698707958,0.9051742553710938,False,0.623127818107605,0.9394058204878043,15,3.2156991509982618,1660801,,,,,,,,,
synthetic/reduced_shallow_seed23_k36,synthetic,23,7024,36,reduced_shallow,not_applicable,False,120,200,800,0.005,0.9,1.2e-06,raw_counts,,0,additive_mixture,emissions,pytorch,6.286491783770127,1.9699417528754462,4.0,8.0,11,10.54080156832655,0.8021557927131653,False,0.4043596088886261,0.7255810582847404,6,2.831129730999237,1509001,,,,,,,,,
synthetic/reduced_shallow_seed37_k128,synthetic,37,7038,128,reduced_shallow,not_applicable,False,120,200,800,0.005,0.9,1.2e-06,raw_counts,,0,additive_mixture,emissions,pytorch,6.250324720384741,1.836527678798567,3.0,7.0,20,18.460729766924924,0.8657969236373901,False,0.6171883344650269,0.8676583647535505,13,3.1654501070006518,1677601,,,,,,,,,
synthetic/reduced_shallow_seed37_k36,synthetic,37,7038,36,reduced_shallow,not_applicable,False,120,200,800,0.005,0.9,1.2e-06,raw_counts,,0,additive_mixture,emissions,pytorch,6.263536476305383,2.0680636474714764,4.0,8.0,15,13.540486298052913,0.7265963554382324,False,0.4788551926612854,0.6705148476881208,11,2.9397628669976257,1525801,,,,,,,,,
synthetic/reduced_softmax_seed11_k128,synthetic,11,7012,128,reduced_softmax,not_applicable,False,120,200,800,0.005,0.9,1.2e-06,raw_counts,,0,additive_mixture,emissions,pytorch,6.1588038152418845,3.046728281605094,128.0,128.0,15,23.40595218107451,0.9126170873641968,False,0.5781616568565369,0.8442150049710122,13,3.08138423699711,2319201,,,,,,,,,
synthetic/reduced_softmax_seed11_k36,synthetic,11,7012,36,reduced_softmax,not_applicable,False,120,200,800,0.005,0.9,1.2e-06,raw_counts,,0,additive_mixture,emissions,pytorch,6.2648377952266765,3.3203773136035846,36.0,36.0,12,13.974864200116567,0.7731801867485046,False,0.4473995566368103,0.7079313889811091,8,76.55491446099768,2167401,,,,,,,,,
synthetic/reduced_softmax_seed23_k128,synthetic,23,7024,128,reduced_softmax,not_applicable,False,120,200,800,0.005,0.9,1.2e-06,raw_counts,,0,additive_mixture,emissions,pytorch,6.158302354156032,3.3180094990553526,128.0,128.0,13,20.572136276995888,0.9227429032325745,False,0.5172183513641357,0.7519879575081274,9,3.0935911129927263,2301601,,,,,,,,,
synthetic/reduced_softmax_seed23_k36,synthetic,23,7024,36,reduced_softmax,not_applicable,False,120,200,800,0.005,0.9,1.2e-06,raw_counts,,0,additive_mixture,emissions,pytorch,6.184198995169605,2.925572276640488,36.0,36.0,11,14.233454086957234,0.7723801136016846,False,0.4615558087825775,0.7150521889639945,10,76.56343497399939,2149801,,,,,,,,,
synthetic/reduced_softmax_seed37_k128,synthetic,37,7038,128,reduced_softmax,not_applicable,False,120,200,800,0.005,0.9,1.2e-06,raw_counts,,0,additive_mixture,emissions,pytorch,6.267345752567158,3.6131737555514816,128.0,128.0,16,22.75349029432328,0.9101044535636902,False,0.5155472159385681,0.8305967934552726,11,2.878235960000893,2318401,,,,,,,,,
synthetic/reduced_softmax_seed37_k36,synthetic,37,7038,36,reduced_softmax,not_applicable,False,120,200,800,0.005,0.9,1.2e-06,raw_counts,,0,additive_mixture,emissions,pytorch,6.288959058378451,3.558730411384313,36.0,36.0,11,14.616083054783475,0.7862207293510437,False,0.41928398609161377,0.6741661054156827,8,76.75513491700985,2166601,,,,,,,,,
