epoch,reconstruction,kl,reconstruction_to_kl_ratio,mean_gradient_norm,mean_effective_document_mass,seconds
1,457.49005640332945,0.11657349584258606,3924.477456017077,1.142536925378247,48.44190629620418,7.553097889000128
2,449.573650039245,0.11279349105658933,3985.811998794244,0.8658057601652412,48.41751455146576,6.7501801130001695
3,448.7540385879089,0.30800327839695407,1456.9781234911256,1.012768968800518,48.4337516499457,6.765412988999742
4,446.56977915541034,1.1877170333238405,375.99004360969667,1.9943931347855897,48.45215374955507,6.712362946999747
5,440.02697411653037,3.2832031951886473,134.02367991154662,4.226347073216305,48.40668979537821,6.697178838000127
6,435.8560594220028,4.03565180858719,108.00140351419174,5.349187142381044,48.42473103175654,6.698190655999952
7,433.60990805937865,4.211459601036856,102.95953164376179,5.5061791411070065,48.4218444467705,6.759261278000395
8,432.11554012120325,4.423499755770247,97.68634881408751,5.198179062281813,48.42855578271028,6.696859627000322
9,430.1196619907272,4.925597329006017,87.32335050163857,5.286545359085653,48.43432898833373,6.7050877759998
10,428.50653019129675,5.3264133907924185,80.44935658430883,5.819544415607631,48.44558673038661,6.642964379999739
11,427.33516087041835,5.454430152322645,78.34643563790938,5.890571792549062,48.43440114671939,6.483219104999989
12,426.340358841085,5.583832517962589,76.35264085546869,6.493021421343367,48.396514500412984,6.472839165000096
13,426.0547117429359,5.662562553013597,75.24061902259976,5.960400474405734,48.415421744373354,6.4840780730000915
14,425.88328081647927,5.698305900965895,74.73857813500143,6.2162258157106205,48.438081580901816,6.48181331800015
15,425.421467718677,5.736616905604567,74.15894676582782,6.39386661476064,48.428339271901926,6.564604574999976
16,425.4961179929359,5.80760632719949,73.26531690003792,6.443807109494076,48.483184707499,6.645744483999806
17,424.97363452376607,5.973885353480544,71.13856550262807,6.140231794285997,48.45893724388051,6.66767714100024
18,424.6520565425124,5.9927496509017235,70.86097055274375,6.311322876226122,48.465432104663314,6.611222186000305
19,423.7275450519312,6.051816726399359,70.01658579704475,6.512102889123364,48.396803169607004,6.613724235000063
20,423.94765037465316,6.1344053188217025,69.10982048641108,6.159747509198768,48.460308395813556,6.624232222000046
21,423.2821837808484,6.167456261465483,68.63156637616268,6.578579644176448,48.41138051826263,6.6213787530000445
22,422.8662856627848,6.166589977585267,68.57376397650036,6.543471902330345,48.38402995884976,6.6863075470000695
23,422.678657603041,6.244372501551548,67.6895328550655,6.932522082997259,48.39189593591423,6.714497456000117
24,422.8808277165778,6.285262553491325,67.28133059161972,6.5315337871836725,48.44681352989696,6.736298584999986
25,422.2754473819911,6.30554999146506,66.96885251144884,6.664680079879048,48.410514510680585,6.599895065000055
26,422.620361613336,6.347360178688977,66.58206714537297,6.740655801006567,48.471926965446116,6.575936476000152
27,421.96619622061183,6.418643670661427,65.74071063476393,6.668920213931075,48.4262465004609,6.54443703600009
28,421.66171492817244,6.535127474882892,64.52233970167943,6.744236620787148,48.43656611219745,6.5844122569997126
29,421.3970459554797,6.585308364618604,63.9904804184345,6.695761368653485,48.45186508036105,6.582272534999902
30,420.6948675708236,6.6644675932197925,63.125052629684106,6.852433128891704,48.41773102662274,6.572130622000259
31,420.4533274998175,6.708137218083177,62.67810478986598,6.949700181729326,48.42805063835928,6.5518593150000015
32,420.2213916243794,6.7713960843665575,62.05830915644773,6.8143976960226755,48.445153744421276,6.580956010999671
33,420.12877163040304,6.768035407378295,62.075439376749145,6.792214429267099,48.4537413766451,6.547786199000257
34,419.76300505165744,6.802306861520927,61.70891928239219,6.837837192499749,48.420401136451794,6.563890726999944
35,419.38390172084917,6.843024441014941,61.28633696048105,6.996800681140935,48.393194929461615,6.571319696000046
36,419.97135255047095,6.8542072260491205,61.27205360152927,7.304204107444977,48.47026717997043,6.567602568000439
37,419.45129708263363,6.9024024187961475,60.76888474952036,6.633630248987786,48.4357001046154,6.579926955999781
38,419.5710976859119,6.937613335725303,60.47772877818467,6.850033042586852,48.45215374955507,6.597717182999986
39,419.28907504928446,6.902893146621847,60.74106409346305,7.012081787965008,48.427689810779604,6.546163043999968
40,419.1588970433886,6.98183807480001,60.03560846767348,6.8768833151487545,48.425524845301545,6.557619988999704
41,419.3944245810821,6.927014284044783,60.54476104475299,6.85977392553169,48.467669228527036,6.53506802100037
42,419.1974732586157,6.971477045077029,60.13036700086902,6.789393447269903,48.453669218259435,6.552353203000166
43,419.3456058680454,6.976315186402508,60.10989966241624,7.080995697841466,48.474019736887136,6.535612211000171
44,418.85002064927716,6.974625458227139,60.05340690448251,6.6984939129553105,48.42588567288122,6.544154118999813
45,419.1718122535777,7.0081396013776835,59.81213789907602,6.950731455722702,48.464999118697975,6.5286023919998115
46,418.58824371623103,7.0042181148707305,59.762308490582534,7.290980076121393,48.4088547252049,6.5378143160000945
47,418.86798552040744,7.027670272042818,59.60268044827465,7.181614131570976,48.458576416300836,6.523403645999679
48,418.90527543397707,7.018640380039393,59.68467577072611,7.054151468187849,48.46492696031232,6.554061074999936
49,418.70622239157416,7.082276919177759,59.12028393831645,7.1533697431332595,48.44681352989696,6.510705175000112
50,418.46405599718895,7.030151153279242,59.524190429674434,6.924694907999484,48.435194960264404,6.539018701999794
51,418.3946787040924,7.078545686240508,59.10743495198183,7.212394513816477,48.4218444467705,6.607319822999671
52,418.1647027987186,7.057253235968474,59.25318092136359,7.307463730607077,48.396803169607004,6.560942662999878
53,418.03186719662676,7.043697584455258,59.34835534665509,7.047856455651399,48.393772232198266,6.539427067999895
54,418.3646756466304,7.045694738905007,59.37876833302173,7.082516425123838,48.41967948129244,6.538487327999974
55,418.6652250200789,7.139166934467922,58.64342840881921,7.367770092509617,48.473442434150485,6.531332640999608
56,418.41527949538187,7.096720347894687,58.958963997997884,7.171824811774994,48.449988784077014,6.573787299999822
57,418.2452883141063,7.099280397468638,58.91375814135167,7.005057718152198,48.42754545835691,6.5388786690000416
58,418.01344570266866,7.1352797846927825,58.58403010340634,7.100021446976706,48.41426710324867,6.603913893999561
59,418.13629235953925,7.127489366263987,58.665298658833855,7.3509554461898095,48.42307124628085,6.5430324539997855
60,418.13136191680053,7.163445156311321,58.370149110223565,7.178932796014804,48.43772075332214,6.546934387999954
61,418.04123980085427,7.1864467692152365,58.1707835910826,7.02644911436277,48.422493907892814,6.553383897000003
62,417.75049541152526,7.105335306898456,58.79391715770796,7.55932162632452,48.41563825518171,6.560913613000139
63,418.2080928053811,7.150707908879931,58.484851868447834,7.5806986683997035,48.445298061192595,6.526838436000162
64,418.308756890698,7.2161896741278815,57.968093381809986,7.382698215056803,48.466298076593986,6.534357654999894
65,417.7023438070422,7.199037168627587,58.02197349769654,7.5290745485608825,48.406256809412874,6.6035794939998596
66,418.0434921122043,7.213343709428734,57.9541900333641,7.979119537032653,48.44493723361292,6.545714707000116
67,417.85706764292496,7.215670888669023,57.90966274516456,7.546575844844925,48.42978258222063,6.555005564000112
68,417.88270811277016,7.20220178087181,58.02152186607946,7.64116723515163,48.433968160754056,6.570476323999628
69,417.7290338534061,7.24870993712238,57.628052091602626,7.843560807058744,48.42437020417686,6.624868541000069
70,417.67897333162966,7.274066786899745,57.42028298170839,7.567448999280128,48.423576390631844,6.567752240999653
71,418.4193631466304,7.297694562751556,57.33582839740934,7.410498913203444,48.51024659771785,6.546502349000093
72,417.5764801881024,7.294859605414845,57.24256569353888,7.406653983570705,48.41123616583994,6.554105239999899
73,417.3939094899971,7.304213243110158,57.14426668521926,7.59335684553485,48.40495781586549,6.52966053099999
74,417.5611241420853,7.319535580750938,57.047488810655686,7.562348588604793,48.42927743786964,6.546054808000008
75,417.6610737738208,7.307653280062096,57.15392585925639,7.7037616043447334,48.45691663082515,6.6666261549999035
76,417.6697518892377,7.3101041874038835,57.135950621460196,7.509431250741549,48.461823864517925,6.601016900000104
77,417.3513137959988,7.363463664723334,56.67866819190448,8.03785847280627,48.4108031798746,6.611976387000141
78,417.1708011805454,7.352995667502145,56.73480851135341,8.104677204773806,48.40026709298107,6.584774227000253
79,417.10681494596963,7.3405690727946915,56.82213610547353,7.617660415506808,48.39860730750539,6.534043510999709
80,417.35368247344115,7.4091741526238275,56.329311995675354,7.707256098773992,48.427689810779604,6.636028431000341
81,417.30315534645155,7.37533876383416,56.58087970043445,7.5592920601925,48.42934959625529,6.545476314000098
82,417.4384976681148,7.3940765345208,56.45579887078737,8.236829940403734,48.446957846668276,6.610734970000067
83,417.50730111665814,7.372056297052686,56.633764623253846,8.111275815518104,48.451937238746716,6.581666005999978
84,416.8875923513252,7.414677927427203,56.22463934802086,8.163698227606087,48.39478255655164,6.569854861999829
85,417.3807210476599,7.405307212722636,56.36237755681248,8.18024015872278,48.44551457200095,6.637538413999664
86,417.26883818724446,7.4065280673659855,56.33798108803219,7.866493118143527,48.447030040705314,6.5755788309998024
87,417.16393615152236,7.432892714705423,56.12403571037622,8.23686406768371,48.428122796744944,6.561213624000175
88,417.1112274455133,7.405246948527399,56.326443985566165,8.214921006532473,48.434761974299064,6.581733676000113
89,417.08043121623103,7.427699632733781,56.15203250521368,8.101069307772912,48.43512280187874,6.573624121999728
90,416.89601463246566,7.43093835973294,56.10274159876741,7.962496178172459,48.421267108382466,6.539494833999925
91,417.14466273227583,7.469389376239242,55.84722414649425,8.261364504555676,48.44493723361292,6.538978177000445
92,417.0060738536799,7.430130080641987,56.12365723449746,7.671475588718307,48.440751655079495,6.609896656999808
93,416.9911467650226,7.457010763827886,55.91934355086941,8.465470683908908,48.42667948642624,6.611498593000761
94,416.7564862688011,7.45638549662082,55.892561678533404,8.054056069561254,48.41859699855341,6.665065915000014
95,416.5296907514055,7.472131305765883,55.74442869198372,8.080991718256586,48.397452666380694,6.693010988000424
96,416.8929446211485,7.481712524021898,55.721593590051754,8.613713059469918,48.43750424251378,6.564505730999372
97,416.64227751259494,7.4801122050419036,55.70000370205154,8.119010189983332,48.417803185008395,6.559202843999628
98,416.8429014972437,7.554736230974999,55.17636734796322,8.268903518391546,48.45078259762202,6.5942858440002965
99,417.0541290568414,7.484765583109633,55.72039958044637,8.083185004296704,48.462834153219916,6.5723608250000325
100,416.74107917001317,7.535181442153788,55.306044369237604,8.662988511201377,48.43909186960381,6.561465015999602
101,416.60779179368063,7.502067369835399,55.53239810519341,8.633653105976425,48.42509185933621,6.549663077999867
102,416.5571916526723,7.510779590250175,55.46124562001656,8.423373440715753,48.41967948129244,6.576640964999569
103,416.5221520539756,7.539069795162878,55.24848069734269,8.488905068869903,48.41166915180527,6.5834119230003125
104,416.4669896776431,7.538846987430181,55.24279646105499,8.389048710047641,48.415566096796056,6.611793941999167
105,416.646755610671,7.527964944037322,55.34653239062764,8.478262353166242,48.445153744421276,6.576840835999974
106,416.45848440009854,7.5153467855720875,55.414406850740775,8.535439477902706,48.4038031747408,6.558124809999754
107,417.1051356235397,7.4905680763387235,55.68404577232204,8.150379408185728,48.48383420427269,6.578623217999848
108,416.63010984046434,7.501669634168393,55.53831748905727,8.477824474049505,48.4421949653982,6.649800932000289
109,416.4785649665048,7.542419099362097,55.21816800152734,8.779451646537424,48.43072074818834,6.649245388000054
110,416.58566198616387,7.543148357177449,55.22702753019231,8.483558547831027,48.42862794109594,6.626158056999884
111,416.55119822849736,7.532841076360684,55.298020229804756,8.204252145000707,48.43317434720904,6.575747629000034
112,416.9992789865654,7.535112269570894,55.34081830081511,8.580435824171404,48.4895352158591,6.5519474559996524
113,416.38023561852003,7.615679446781908,54.67407583632821,8.417710335455208,48.43144236769631,6.550095167999643
114,416.54272061642087,7.5980649974858645,54.82221075421852,8.317579193650005,48.45006094246267,6.585750645999724
115,416.4263177319108,7.606232429219183,54.748040058862486,8.461272070341021,48.43173103689033,6.547959215000446
116,415.94286453389674,7.59378782611027,54.774096150504796,8.609061022785223,48.38872068173418,6.614286807000099
117,416.41642689927716,7.605904851004342,54.74909758360839,8.381022230487003,48.429133085446935,6.5677078540002185
118,416.3523280063522,7.62318444029193,54.61658854870996,8.599288156099409,48.4257413561099,6.5694828799996685
119,416.5013176748686,7.614071400366097,54.70152508089726,8.871074899334774,48.44082384911653,6.562533268999687
120,416.2288761317173,7.614004536209819,54.66622381852588,8.419876446233731,48.43165887850467,6.562715349999962
